{
  "type": "FeatureCollection",
  "generator": "overpass-turbo",
  "copyright": "The data included in this document is from www.openstreetmap.org. The data is made available under ODbL.",
  "timestamp": "2026-04-23T13:43:23Z",
  "features": [
    {
      "type": "Feature",
      "properties": {
        "@id": "way/992712607",
        "building": "yes",
        "name": "Engineering Central Workshop"
      },
      "geometry": {
        "type": "Polygon",
        "coordinates": [
          [
            [
              5.5845252,
              7.1653042
            ],
            [
              5.5846643,
              7.165057
            ],
            [
              5.5847068,
              7.1649695
            ],
            [
              5.5848562,
              7.165035
            ],
            [
              5.5846805,
              7.1653735
            ],
            [
              5.5845612,
              7.1653202
            ],
            [
              5.5845252,
              7.1653042
            ]
          ]
        ]
      },
      "id": "way/992712607"
    },
    {
      "type": "Feature",
      "properties": {
        "@id": "way/992712609",
        "building": "Educational",
        "building:levels": "3",
        "layer": "1",
        "name": "Engineering Building",
        "name_1": "COET"
      },
      "geometry": {
        "type": "Polygon",
        "coordinates": [
          [
            [
              5.5836033,
              7.1652471
            ],
            [
              5.5838588,
              7.1647027
            ],
            [
              5.584191,
              7.1639951
            ],
            [
              5.5843268,
              7.1640579
            ],
            [
              5.5841704,
              7.164391
            ],
            [
              5.584202,
              7.1644055
            ],
            [
              5.5841716,
              7.1644702
            ],
            [
              5.584137,
              7.1644542
            ],
            [
              5.5840812,
              7.164573
            ],
            [
              5.584053,
              7.16456
            ],
            [
              5.5840187,
              7.1646332
            ],
            [
              5.5840684,
              7.1646561
            ],
            [
              5.5840297,
              7.164746
            ],
            [
              5.5839758,
              7.1647182
            ],
            [
              5.5839415,
              7.1647913
            ],
            [
              5.5839649,
              7.1648022
            ],
            [
              5.5839025,
              7.1649353
            ],
            [
              5.5839419,
              7.1649535
            ],
            [
              5.5839175,
              7.1650054
            ],
            [
              5.5838831,
              7.1649895
            ],
            [
              5.5837339,
              7.1653075
            ],
            [
              5.5837066,
              7.1652949
            ],
            [
              5.5836033,
              7.1652471
            ]
          ]
        ]
      },
      "id": "way/992712609"
    },
    {
      "type": "Feature",
      "properties": {
        "@id": "way/992712610",
        "building": "Student Hub",
        "name": "JOKED Complex",
        "type": "site"
      },
      "geometry": {
        "type": "Polygon",
        "coordinates": [
          [
            [
              5.582932,
              7.1651595
            ],
            [
              5.5829478,
              7.1651058
            ],
            [
              5.5829754,
              7.1651139
            ],
            [
              5.5830117,
              7.164991
            ],
            [
              5.582983,
              7.1649826
            ],
            [
              5.5830011,
              7.1649211
            ],
            [
              5.5831495,
              7.1649642
            ],
            [
              5.5833258,
              7.1650154
            ],
            [
              5.5832992,
              7.1651057
            ],
            [
              5.5833205,
              7.1651119
            ],
            [
              5.5833106,
              7.1651455
            ],
            [
              5.583301,
              7.1651782
            ],
            [
              5.5832787,
              7.1651717
            ],
            [
              5.5832547,
              7.1652531
            ],
            [
              5.582932,
              7.1651595
            ]
          ]
        ]
      },
      "id": "way/992712610"
    },
    {
      "type": "Feature",
      "properties": {
        "@id": "way/992712611",
        "building": "Educational",
        "building:levels": "2",
        "name": "Nursing Building"
      },
      "geometry": {
        "type": "Polygon",
        "coordinates": [
          [
            [
              5.5822159,
              7.1674257
            ],
            [
              5.5823509,
              7.1668249
            ],
            [
              5.5824658,
              7.1668503
            ],
            [
              5.5823919,
              7.1671799
            ],
            [
              5.582331,
              7.1674512
            ],
            [
              5.5822159,
              7.1674257
            ]
          ]
        ]
      },
      "id": "way/992712611"
    },
    {
      "type": "Feature",
      "properties": {
        "@id": "way/992712612",
        "building": "Educational",
        "name": "MLS Building"
      },
      "geometry": {
        "type": "Polygon",
        "coordinates": [
          [
            [
              5.5823811,
              7.1674887
            ],
            [
              5.582515,
              7.1668957
            ],
            [
              5.582627,
              7.1669193
            ],
            [
              5.5825866,
              7.167092
            ],
            [
              5.582489,
              7.1675092
            ],
            [
              5.5823811,
              7.1674887
            ]
          ]
        ]
      },
      "id": "way/992712612"
    },
    {
      "type": "Feature",
      "properties": {
        "@id": "way/992712613",
        "building": "Educational",
        "name": "Departmental Buliding"
      },
      "geometry": {
        "type": "Polygon",
        "coordinates": [
          [
            [
              5.5828395,
              7.1675826
            ],
            [
              5.5828658,
              7.1674724
            ],
            [
              5.5829102,
              7.1674818
            ],
            [
              5.5831469,
              7.1675385
            ],
            [
              5.5831584,
              7.1674905
            ],
            [
              5.5834622,
              7.167562
            ],
            [
              5.5834368,
              7.167668
            ],
            [
              5.5831402,
              7.1675982
            ],
            [
              5.5831024,
              7.1676444
            ],
            [
              5.5828395,
              7.1675826
            ]
          ]
        ]
      },
      "id": "way/992712613"
    },
    {
      "type": "Feature",
      "properties": {
        "@id": "way/992712614",
        "building": "Educational",
        "name": "Departmental Building"
      },
      "geometry": {
        "type": "Polygon",
        "coordinates": [
          [
            [
              5.5829696,
              7.167148
            ],
            [
              5.582995,
              7.1670518
            ],
            [
              5.583145,
              7.1670909
            ],
            [
              5.5834063,
              7.1671589
            ],
            [
              5.5835726,
              7.1672022
            ],
            [
              5.5835448,
              7.1673074
            ],
            [
              5.5835226,
              7.1673016
            ],
            [
              5.5833976,
              7.1672691
            ],
            [
              5.5833919,
              7.167291
            ],
            [
              5.5832565,
              7.1672558
            ],
            [
              5.5832647,
              7.1672248
            ],
            [
              5.5829932,
              7.1671541
            ],
            [
              5.5829696,
              7.167148
            ]
          ]
        ]
      },
      "id": "way/992712614"
    },
    {
      "type": "Feature",
      "properties": {
        "@id": "way/992712615",
        "building": "Educational",
        "name": "Departmental building"
      },
      "geometry": {
        "type": "Polygon",
        "coordinates": [
          [
            [
              5.5826153,
              7.1675443
            ],
            [
              5.5827331,
              7.1671342
            ],
            [
              5.5827839,
              7.1669571
            ],
            [
              5.5828927,
              7.1669879
            ],
            [
              5.5827243,
              7.1675751
            ],
            [
              5.5826153,
              7.1675443
            ]
          ]
        ]
      },
      "id": "way/992712615"
    },
    {
      "type": "Feature",
      "properties": {
        "@id": "way/992712617",
        "building": "Sports",
        "category": "recreation",
        "fee": "no",
        "leisure": "pitch",
        "name": "University Sport Complex",
        "sport": "tennis;basketball;volleyball"
      },
      "geometry": {
        "type": "Polygon",
        "coordinates": [
          [
            [
              5.5865423,
              7.1695256
            ],
            [
              5.586581,
              7.1692171
            ],
            [
              5.5866305,
              7.1691911
            ],
            [
              5.5866699,
              7.1688776
            ],
            [
              5.5867344,
              7.1688856
            ],
            [
              5.5867609,
              7.1686742
            ],
            [
              5.5867862,
              7.168473
            ],
            [
              5.5871664,
              7.16852
            ],
            [
              5.5870326,
              7.1695861
            ],
            [
              5.5865423,
              7.1695256
            ]
          ]
        ]
      },
      "id": "way/992712617"
    },
    {
      "type": "Feature",
      "properties": {
        "@id": "way/992712618",
        "building": "Educational",
        "name": "Prof. Abubakar Adamu Rasheed Auditorium"
      },
      "geometry": {
        "type": "Polygon",
        "coordinates": [
          [
            [
              5.5862022,
              7.1680865
            ],
            [
              5.5861265,
              7.1680491
            ],
            [
              5.5860661,
              7.1679905
            ],
            [
              5.5860267,
              7.1679163
            ],
            [
              5.5860122,
              7.1678337
            ],
            [
              5.5860236,
              7.1677506
            ],
            [
              5.5860294,
              7.1677089
            ],
            [
              5.586056,
              7.1676884
            ],
            [
              5.586086,
              7.1676844
            ],
            [
              5.5860914,
              7.1676314
            ],
            [
              5.5861071,
              7.1676253
            ],
            [
              5.5861524,
              7.1676078
            ],
            [
              5.5861965,
              7.1676297
            ],
            [
              5.5861895,
              7.1676948
            ],
            [
              5.5864084,
              7.1677182
            ],
            [
              5.586414,
              7.1676668
            ],
            [
              5.5864723,
              7.1676437
            ],
            [
              5.5865258,
              7.167677
            ],
            [
              5.5865252,
              7.1676811
            ],
            [
              5.5865178,
              7.1677321
            ],
            [
              5.5865756,
              7.1677403
            ],
            [
              5.5865718,
              7.1677661
            ],
            [
              5.5866022,
              7.1677786
            ],
            [
              5.5865959,
              7.1678313
            ],
            [
              5.5865526,
              7.1678263
            ],
            [
              5.5865423,
              7.1679128
            ],
            [
              5.586504,
              7.1679875
            ],
            [
              5.5864443,
              7.1680469
            ],
            [
              5.5863692,
              7.1680853
            ],
            [
              5.5863227,
              7.1680929
            ],
            [
              5.5862858,
              7.1680989
            ],
            [
              5.5862022,
              7.1680865
            ]
          ]
        ]
      },
      "id": "way/992712618"
    },
    {
      "type": "Feature",
      "properties": {
        "@id": "way/992712619",
        "building": "Educational",
        "name": "Administration Building"
      },
      "geometry": {
        "type": "Polygon",
        "coordinates": [
          [
            [
              5.5852283,
              7.1678599
            ],
            [
              5.5853586,
              7.1678739
            ],
            [
              5.5853684,
              7.1677845
            ],
            [
              5.5853792,
              7.1676864
            ],
            [
              5.5852468,
              7.1676721
            ],
            [
              5.5852476,
              7.1676648
            ],
            [
              5.5852589,
              7.1675612
            ],
            [
              5.5855062,
              7.167596
            ],
            [
              5.5854488,
              7.1679788
            ],
            [
              5.585218,
              7.167954
            ],
            [
              5.5852257,
              7.1678837
            ],
            [
              5.5852283,
              7.1678599
            ]
          ]
        ]
      },
      "id": "way/992712619"
    },
    {
      "type": "Feature",
      "properties": {
        "@id": "way/992712620",
        "building": "Health",
        "healthcare": "clinic",
        "name": "University Health Centre",
        "operator": "Achievers University",
        "operator:type": "private"
      },
      "geometry": {
        "type": "Polygon",
        "coordinates": [
          [
            [
              5.5857768,
              7.1690189
            ],
            [
              5.5857878,
              7.1689354
            ],
            [
              5.5858034,
              7.1689374
            ],
            [
              5.5859449,
              7.1689556
            ],
            [
              5.5859563,
              7.1688684
            ],
            [
              5.585963,
              7.1688172
            ],
            [
              5.5860088,
              7.1688086
            ],
            [
              5.5860451,
              7.1688317
            ],
            [
              5.5860167,
              7.1690497
            ],
            [
              5.5857768,
              7.1690189
            ]
          ]
        ]
      },
      "id": "way/992712620"
    },
    {
      "type": "Feature",
      "properties": {
        "@id": "way/992712621",
        "building": "Educational",
        "building:levels": "2",
        "name": "Faculty of Law"
      },
      "geometry": {
        "type": "Polygon",
        "coordinates": [
          [
            [
              5.5856276,
              7.168804
            ],
            [
              5.5853119,
              7.1687558
            ],
            [
              5.5853279,
              7.1686527
            ],
            [
              5.5854016,
              7.168664
            ],
            [
              5.5854084,
              7.1686195
            ],
            [
              5.5854389,
              7.168549
            ],
            [
              5.5854992,
              7.1685169
            ],
            [
              5.5855108,
              7.1685107
            ],
            [
              5.5856496,
              7.1685272
            ],
            [
              5.5856524,
              7.1685039
            ],
            [
              5.5857649,
              7.1685173
            ],
            [
              5.5857342,
              7.1687713
            ],
            [
              5.5857009,
              7.1687673
            ],
            [
              5.5856846,
              7.1687963
            ],
            [
              5.5856276,
              7.168804
            ]
          ]
        ]
      },
      "id": "way/992712621"
    },
    {
      "type": "Feature",
      "properties": {
        "@id": "way/992712622",
        "building": "Educational",
        "name": "LH 1-3"
      },
      "geometry": {
        "type": "Polygon",
        "coordinates": [
          [
            [
              5.585536,
              7.1680094
            ],
            [
              5.5855586,
              7.1678083
            ],
            [
              5.5856638,
              7.167825
            ],
            [
              5.5856384,
              7.1680163
            ],
            [
              5.585536,
              7.1680094
            ]
          ]
        ]
      },
      "id": "way/992712622"
    },
    {
      "type": "Feature",
      "properties": {
        "@id": "way/992712623",
        "building": "Educational",
        "name": "Laboratory Building",
        "name_1": "CONAS"
      },
      "geometry": {
        "type": "Polygon",
        "coordinates": [
          [
            [
              5.5846073,
              7.168015
            ],
            [
              5.5846407,
              7.1677715
            ],
            [
              5.5847348,
              7.1677842
            ],
            [
              5.5847149,
              7.1679289
            ],
            [
              5.5848429,
              7.1679462
            ],
            [
              5.5849483,
              7.1679604
            ],
            [
              5.5849676,
              7.1678194
            ],
            [
              5.584977,
              7.1678207
            ],
            [
              5.5850517,
              7.1678307
            ],
            [
              5.5850189,
              7.1680706
            ],
            [
              5.5846073,
              7.168015
            ]
          ]
        ]
      },
      "id": "way/992712623"
    },
    {
      "type": "Feature",
      "properties": {
        "@id": "way/992712624",
        "building": "Educational",
        "building:levels": "2",
        "name": "Library"
      },
      "geometry": {
        "type": "Polygon",
        "coordinates": [
          [
            [
              5.5840667,
              7.1677894
            ],
            [
              5.5841764,
              7.1678026
            ],
            [
              5.5842519,
              7.1678084
            ],
            [
              5.5843163,
              7.1678383
            ],
            [
              5.5843059,
              7.1679398
            ],
            [
              5.5840577,
              7.1679105
            ],
            [
              5.5840667,
              7.1677894
            ]
          ]
        ]
      },
      "id": "way/992712624"
    },
    {
      "type": "Feature",
      "properties": {
        "@id": "way/992712626",
        "building": "Educational",
        "name": "LH 1"
      },
      "geometry": {
        "type": "Polygon",
        "coordinates": [
          [
            [
              5.5857053,
              7.1680273
            ],
            [
              5.5857317,
              7.1678378
            ],
            [
              5.5857608,
              7.1676296
            ],
            [
              5.5858671,
              7.1676442
            ],
            [
              5.5858372,
              7.1678584
            ],
            [
              5.5858116,
              7.1680419
            ],
            [
              5.5857053,
              7.1680273
            ]
          ]
        ]
      },
      "id": "way/992712626"
    },
    {
      "type": "Feature",
      "properties": {
        "@id": "way/992712627",
        "building": "yes",
        "name": "Geology Building"
      },
      "geometry": {
        "type": "Polygon",
        "coordinates": [
          [
            [
              5.5846219,
              7.168203
            ],
            [
              5.5846352,
              7.1680916
            ],
            [
              5.5848288,
              7.1681145
            ],
            [
              5.5850218,
              7.1681373
            ],
            [
              5.5850085,
              7.1682485
            ],
            [
              5.5846219,
              7.168203
            ]
          ]
        ]
      },
      "id": "way/992712627"
    },
    {
      "type": "Feature",
      "properties": {
        "@id": "way/992712643",
        "building": "Residential",
        "building:levels": "3",
        "name": "Lady. Babade Adelami Female Hall of Residence"
      },
      "geometry": {
        "type": "Polygon",
        "coordinates": [
          [
            [
              5.5818127,
              7.1637537
            ],
            [
              5.5821791,
              7.1631723
            ],
            [
              5.5825499,
              7.1634024
            ],
            [
              5.5821834,
              7.1639838
            ],
            [
              5.5818127,
              7.1637537
            ]
          ]
        ]
      },
      "id": "way/992712643"
    },
    {
      "type": "Feature",
      "properties": {
        "@id": "way/992712648",
        "access": "yes",
        "leisure": "pitch",
        "name": "Main Football field",
        "sport": "soccer",
        "surface": "grass",
        "building": "Sports"
      },
      "geometry": {
        "type": "Polygon",
        "coordinates": [
          [
            [
              5.5876078,
              7.1697035
            ],
            [
              5.5876002,
              7.1695955
            ],
            [
              5.5876318,
              7.1695349
            ],
            [
              5.5878932,
              7.1691614
            ],
            [
              5.5881685,
              7.1688256
            ],
            [
              5.5883091,
              7.1686716
            ],
            [
              5.5884243,
              7.1686025
            ],
            [
              5.5886399,
              7.1686033
            ],
            [
              5.5888168,
              7.1686969
            ],
            [
              5.5889454,
              7.1688466
            ],
            [
              5.5889998,
              7.1689901
            ],
            [
              5.589003,
              7.1691253
            ],
            [
              5.5889575,
              7.169261
            ],
            [
              5.5883253,
              7.1700404
            ],
            [
              5.5881973,
              7.1700936
            ],
            [
              5.5880147,
              7.1701071
            ],
            [
              5.5877869,
              7.1700074
            ],
            [
              5.5876739,
              7.1698702
            ],
            [
              5.5876078,
              7.1697035
            ]
          ]
        ]
      },
      "id": "way/992712648"
    },
    {
      "type": "Feature",
      "properties": {
        "@id": "way/992736963",
        "building": "Educational",
        "name": "French Building"
      },
      "geometry": {
        "type": "Polygon",
        "coordinates": [
          [
            [
              5.5848065,
              7.1686252
            ],
            [
              5.5848244,
              7.1685189
            ],
            [
              5.5850847,
              7.1685619
            ],
            [
              5.5852466,
              7.1685886
            ],
            [
              5.5852288,
              7.1686951
            ],
            [
              5.5848065,
              7.1686252
            ]
          ]
        ]
      },
      "id": "way/992736963"
    },
    {
      "type": "Feature",
      "properties": {
        "@id": "way/992736970",
        "building": "Educational",
        "name": "Administration Extension Building"
      },
      "geometry": {
        "type": "Polygon",
        "coordinates": [
          [
            [
              5.5844949,
              7.1678585
            ],
            [
              5.5843163,
              7.1678383
            ],
            [
              5.5842519,
              7.1678084
            ],
            [
              5.5842956,
              7.1674349
            ],
            [
              5.5845453,
              7.1674636
            ],
            [
              5.584532,
              7.1675774
            ],
            [
              5.5843926,
              7.1675614
            ],
            [
              5.5843727,
              7.1677321
            ],
            [
              5.5845078,
              7.1677477
            ],
            [
              5.5844949,
              7.1678585
            ]
          ]
        ]
      },
      "id": "way/992736970"
    },
    {
      "type": "Feature",
      "properties": {
        "@id": "way/1490260159",
        "building": "Educational",
        "building:levels": "2",
        "name": "PROF. ISA ALI IBRAHIM (PANTAMI) CBT CENTRE"
      },
      "geometry": {
        "type": "Polygon",
        "coordinates": [
          [
            [
              5.5860095,
              7.1675608
            ],
            [
              5.585933,
              7.1675507
            ],
            [
              5.5859374,
              7.1675182
            ],
            [
              5.585874,
              7.1675099
            ],
            [
              5.5859207,
              7.1671612
            ],
            [
              5.5859849,
              7.1671697
            ],
            [
              5.5859889,
              7.1671397
            ],
            [
              5.5860645,
              7.1671497
            ],
            [
              5.5860349,
              7.167371
            ],
            [
              5.5860095,
              7.1675608
            ]
          ]
        ]
      },
      "id": "way/1490260159"
    },
    {
      "type": "Feature",
      "properties": {
        "@id": "way/1490260160",
        "building": "Educational",
        "building:levels": "2",
        "name": "COSMAS Building"
      },
      "geometry": {
        "type": "Polygon",
        "coordinates": [
          [
            [
              5.5860805,
              7.1675515
            ],
            [
              5.5860908,
              7.1674458
            ],
            [
              5.5862979,
              7.1674657
            ],
            [
              5.5865581,
              7.1674907
            ],
            [
              5.5865478,
              7.1675962
            ],
            [
              5.586417,
              7.1675837
            ],
            [
              5.5864125,
              7.1676299
            ],
            [
              5.5863703,
              7.1676258
            ],
            [
              5.5863749,
              7.1675789
            ],
            [
              5.5863476,
              7.1675762
            ],
            [
              5.5863436,
              7.1676174
            ],
            [
              5.5862836,
              7.1676117
            ],
            [
              5.5862877,
              7.1675693
            ],
            [
              5.5862604,
              7.1675667
            ],
            [
              5.586256,
              7.1676125
            ],
            [
              5.5862165,
              7.1676087
            ],
            [
              5.5862208,
              7.167565
            ],
            [
              5.58611,
              7.1675543
            ],
            [
              5.5860805,
              7.1675515
            ]
          ]
        ]
      },
      "id": "way/1490260160"
    },
    {
      "type": "Feature",
      "properties": {
        "@id": "way/1490260161",
        "building": "Educational",
        "building:levels": "2",
        "name": "Political Science Building"
      },
      "geometry": {
        "type": "Polygon",
        "coordinates": [
          [
            [
              5.5865926,
              7.1677505
            ],
            [
              5.5866419,
              7.1672588
            ],
            [
              5.5868723,
              7.1672815
            ],
            [
              5.5868231,
              7.1677732
            ],
            [
              5.5865926,
              7.1677505
            ]
          ]
        ]
      },
      "id": "way/1490260161"
    },
    {
      "type": "Feature",
      "properties": {
        "@id": "way/1490260167",
        "building": "Shop",
        "name": "Benji Shop",
        "shop": "shoe_repair"
      },
      "geometry": {
        "type": "Polygon",
        "coordinates": [
          [
            [
              5.583824,
              7.1656877
            ],
            [
              5.5838641,
              7.165636
            ],
            [
              5.5839312,
              7.1656872
            ],
            [
              5.5838911,
              7.1657389
            ],
            [
              5.583866,
              7.1657198
            ],
            [
              5.583824,
              7.1656877
            ]
          ]
        ]
      },
      "id": "way/1490260167"
    },
    {
      "type": "Feature",
      "properties": {
        "@id": "way/1490260172",
        "building": "Educational",
        "building:levels": "2",
        "name": "ICT Building"
      },
      "geometry": {
        "type": "Polygon",
        "coordinates": [
          [
            [
              5.583864,
              7.1636001
            ],
            [
              5.5840474,
              7.1632783
            ],
            [
              5.5844034,
              7.1634781
            ],
            [
              5.5842265,
              7.1637886
            ],
            [
              5.5841549,
              7.1637484
            ],
            [
              5.5841379,
              7.1637389
            ],
            [
              5.5842221,
              7.1635911
            ],
            [
              5.5840487,
              7.1634938
            ],
            [
              5.583958,
              7.1636528
            ],
            [
              5.5839349,
              7.1636399
            ],
            [
              5.583864,
              7.1636001
            ]
          ]
        ]
      },
      "id": "way/1490260172"
    },
    {
      "type": "Feature",
      "properties": {
        "@id": "way/1490260174",
        "building": "Service",
        "name": "University Bakery",
        "shop": "bakery"
      },
      "geometry": {
        "type": "Polygon",
        "coordinates": [
          [
            [
              5.581268,
              7.1630198
            ],
            [
              5.5814009,
              7.1627933
            ],
            [
              5.581441,
              7.1627249
            ],
            [
              5.5815796,
              7.162805
            ],
            [
              5.5814066,
              7.1630999
            ],
            [
              5.581268,
              7.1630198
            ]
          ]
        ]
      },
      "id": "way/1490260174"
    },
    {
      "type": "Feature",
      "properties": {
        "@id": "way/1490260176",
        "building": "Educational"
      },
      "geometry": {
        "type": "Polygon",
        "coordinates": [
          [
            [
              5.5787045,
              7.1671712
            ],
            [
              5.5786623,
              7.1664731
            ],
            [
              5.5791032,
              7.1664469
            ],
            [
              5.5791453,
              7.167145
            ],
            [
              5.5787045,
              7.1671712
            ]
          ]
        ]
      },
      "id": "way/1490260176"
    },
    {
      "type": "Feature",
      "properties": {
        "@id": "way/1490260180",
        "building": "Service",
        "industrial": "slaughterhouse",
        "landuse": "industrial",
        "name": "University Abbatoir"
      },
      "geometry": {
        "type": "Polygon",
        "coordinates": [
          [
            [
              5.5818457,
              7.1619738
            ],
            [
              5.582234,
              7.1615182
            ],
            [
              5.5824579,
              7.1617061
            ],
            [
              5.5820695,
              7.1621616
            ],
            [
              5.581912,
              7.1620294
            ],
            [
              5.5818457,
              7.1619738
            ]
          ]
        ]
      },
      "id": "way/1490260180"
    },
    {
      "type": "Feature",
      "properties": {
        "@id": "way/1490260184",
        "building": "Service",
        "education": "yes",
        "name": "Just there"
      },
      "geometry": {
        "type": "Polygon",
        "coordinates": [
          [
            [
              5.5812995,
              7.1668612
            ],
            [
              5.5814247,
              7.1665213
            ],
            [
              5.5815837,
              7.166579
            ],
            [
              5.5814585,
              7.1669189
            ],
            [
              5.5812995,
              7.1668612
            ]
          ]
        ]
      },
      "id": "way/1490260184"
    },
    {
      "type": "Feature",
      "properties": {
        "@id": "way/1490260185",
        "building": "Educational",
        "building:levels": "2",
        "name": "Nursing Building (Central Laboratory)"
      },
      "geometry": {
        "type": "Polygon",
        "coordinates": [
          [
            [
              5.5816226,
              7.1672442
            ],
            [
              5.5816492,
              7.1671088
            ],
            [
              5.5819196,
              7.167161
            ],
            [
              5.5820308,
              7.1665937
            ],
            [
              5.5817635,
              7.1665421
            ],
            [
              5.5817905,
              7.1664043
            ],
            [
              5.5823486,
              7.1665122
            ],
            [
              5.5821836,
              7.1673526
            ],
            [
              5.5816226,
              7.1672442
            ]
          ]
        ]
      },
      "id": "way/1490260185"
    },
    {
      "type": "Feature",
      "properties": {
        "@id": "way/1491793499",
        "building": "Educational",
        "name": "Registry Annex"
      },
      "geometry": {
        "type": "Polygon",
        "coordinates": [
          [
            [
              5.5855574,
              7.1677912
            ],
            [
              5.5855799,
              7.1675863
            ],
            [
              5.5856866,
              7.1676027
            ],
            [
              5.5856687,
              7.1678005
            ],
            [
              5.5855574,
              7.1677912
            ]
          ]
        ]
      },
      "id": "way/1491793499"
    },
    {
      "type": "Feature",
      "properties": {
        "@id": "way/1491805433",
        "building": "Educational",
        "name": "Postgraduate Buidling"
      },
      "geometry": {
        "type": "Polygon",
        "coordinates": [
          [
            [
              5.5836235,
              7.1671155
            ],
            [
              5.5835009,
              7.167082
            ],
            [
              5.5833658,
              7.1670452
            ],
            [
              5.5833879,
              7.1669656
            ],
            [
              5.5836456,
              7.167036
            ],
            [
              5.5836235,
              7.1671155
            ]
          ]
        ]
      },
      "id": "way/1491805433"
    },
    {
      "type": "Feature",
      "properties": {
        "@id": "way/1491805436",
        "building": "Educational",
        "name": "Peace Tent"
      },
      "geometry": {
        "type": "Polygon",
        "coordinates": [
          [
            [
              5.5825772,
              7.1647673
            ],
            [
              5.5826029,
              7.164694
            ],
            [
              5.5826344,
              7.1647027
            ],
            [
              5.5826739,
              7.1647136
            ],
            [
              5.5826522,
              7.1647864
            ],
            [
              5.5825772,
              7.1647673
            ]
          ]
        ]
      },
      "id": "way/1491805436"
    },
    {
      "type": "Feature",
      "properties": {
        "@id": "way/1491805437",
        "building": "Leisure",
        "name": "Royalty Tent"
      },
      "geometry": {
        "type": "Polygon",
        "coordinates": [
          [
            [
              5.582905,
              7.1648545
            ],
            [
              5.5829269,
              7.164784
            ],
            [
              5.5829637,
              7.1647953
            ],
            [
              5.582998,
              7.1648058
            ],
            [
              5.5829761,
              7.1648762
            ],
            [
              5.582905,
              7.1648545
            ]
          ]
        ]
      },
      "id": "way/1491805437"
    },
    {
      "type": "Feature",
      "properties": {
        "@id": "way/1491805438",
        "building": "Leisure",
        "name": "Life Tent"
      },
      "geometry": {
        "type": "Polygon",
        "coordinates": [
          [
            [
              5.5832467,
              7.1649625
            ],
            [
              5.5832763,
              7.1648866
            ],
            [
              5.5833114,
              7.1649
            ],
            [
              5.5833335,
              7.1649085
            ],
            [
              5.5833039,
              7.1649844
            ],
            [
              5.5832467,
              7.1649625
            ]
          ]
        ]
      },
      "id": "way/1491805438"
    },
    {
      "type": "Feature",
      "properties": {
        "@id": "way/1491805439",
        "building": "Service",
        "building:levels": "2",
        "name": "Student Center"
      },
      "geometry": {
        "type": "Polygon",
        "coordinates": [
          [
            [
              5.5832227,
              7.1644174
            ],
            [
              5.5832751,
              7.164265
            ],
            [
              5.5834226,
              7.164315
            ],
            [
              5.5834409,
              7.1642618
            ],
            [
              5.5834868,
              7.1642774
            ],
            [
              5.5834728,
              7.1643181
            ],
            [
              5.583625,
              7.1643696
            ],
            [
              5.5835731,
              7.1645203
            ],
            [
              5.583561,
              7.1645555
            ],
            [
              5.5834698,
              7.1645246
            ],
            [
              5.5834957,
              7.1644495
            ],
            [
              5.5834452,
              7.1644323
            ],
            [
              5.5834345,
              7.1644633
            ],
            [
              5.5833752,
              7.1644433
            ],
            [
              5.5833868,
              7.1644094
            ],
            [
              5.5833169,
              7.1643858
            ],
            [
              5.5832973,
              7.1644427
            ],
            [
              5.5832227,
              7.1644174
            ]
          ]
        ]
      },
      "id": "way/1491805439"
    },
    {
      "type": "Feature",
      "properties": {
        "@id": "way/1491805440",
        "building": "Educational",
        "building:levels": "2",
        "name": "Office of the Provost"
      },
      "geometry": {
        "type": "Polygon",
        "coordinates": [
          [
            [
              5.5834773,
              7.1677106
            ],
            [
              5.583525,
              7.167542
            ],
            [
              5.5837096,
              7.1675843
            ],
            [
              5.5838027,
              7.1676057
            ],
            [
              5.5837592,
              7.1677764
            ],
            [
              5.5834773,
              7.1677106
            ]
          ]
        ]
      },
      "id": "way/1491805440"
    },
    {
      "type": "Feature",
      "properties": {
        "@id": "way/1491805442",
        "amenity": "fast_food",
        "building": "yes",
        "fast_food": "cafeteria",
        "name": "La Cuisine"
      },
      "geometry": {
        "type": "Polygon",
        "coordinates": [
          [
            [
              5.5834475,
              7.1669468
            ],
            [
              5.5834548,
              7.1668683
            ],
            [
              5.5835457,
              7.1668761
            ],
            [
              5.5835387,
              7.1669552
            ],
            [
              5.5834475,
              7.1669468
            ]
          ]
        ]
      },
      "id": "way/1491805442"
    },
    {
      "type": "Feature",
      "properties": {
        "@id": "way/1491805444",
        "access": "yes",
        "leisure": "pitch",
        "name": "Joked Football Field",
        "sport": "soccer",
        "surface": "grass",
        "building": "Sports"
      },
      "geometry": {
        "type": "Polygon",
        "coordinates": [
          [
            [
              5.5824839,
              7.1645465
            ],
            [
              5.5828596,
              7.1637312
            ],
            [
              5.5830417,
              7.1638137
            ],
            [
              5.5832428,
              7.1639049
            ],
            [
              5.5828611,
              7.164689
            ],
            [
              5.5826691,
              7.1646165
            ],
            [
              5.5824839,
              7.1645465
            ]
          ]
        ]
      },
      "id": "way/1491805444"
    },
    {
      "type": "Feature",
      "properties": {
        "@id": "way/1491805447",
        "building": "Greenhouse",
        "name": "Greenhouse 1"
      },
      "geometry": {
        "type": "Polygon",
        "coordinates": [
          [
            [
              5.5860085,
              7.1635479
            ],
            [
              5.5863042,
              7.16301
            ],
            [
              5.5865506,
              7.1631292
            ],
            [
              5.5862549,
              7.1636579
            ],
            [
              5.5860085,
              7.1635479
            ]
          ]
        ]
      },
      "id": "way/1491805447"
    },
    {
      "type": "Feature",
      "properties": {
        "@id": "way/1491805448",
        "building": "Greenhouse",
        "name": "Greenhouse 2"
      },
      "geometry": {
        "type": "Polygon",
        "coordinates": [
          [
            [
              5.5863627,
              7.1637098
            ],
            [
              5.5866584,
              7.163172
            ],
            [
              5.5869048,
              7.1632912
            ],
            [
              5.5866091,
              7.1638198
            ],
            [
              5.5863627,
              7.1637098
            ]
          ]
        ]
      },
      "id": "way/1491805448"
    },
    {
      "type": "Feature",
      "properties": {
        "@id": "way/1491805449",
        "building": "Greenhouse",
        "name": "Greenhouse 3"
      },
      "geometry": {
        "type": "Polygon",
        "coordinates": [
          [
            [
              5.5866245,
              7.1639176
            ],
            [
              5.5869202,
              7.1633798
            ],
            [
              5.5871666,
              7.163499
            ],
            [
              5.5868709,
              7.1640276
            ],
            [
              5.5866245,
              7.1639176
            ]
          ]
        ]
      },
      "id": "way/1491805449"
    },
    {
      "type": "Feature",
      "properties": {
        "@id": "way/1491808833",
        "amenity": "parking",
        "operator": "Student Center Lot",
        "operator:type": "public",
        "parking": "surface"
      },
      "geometry": {
        "type": "Polygon",
        "coordinates": [
          [
            [
              5.5833202,
              7.1641662
            ],
            [
              5.5833958,
              7.1639691
            ],
            [
              5.5835004,
              7.1640188
            ],
            [
              5.5837146,
              7.1641206
            ],
            [
              5.5836419,
              7.1643119
            ],
            [
              5.5835946,
              7.1642905
            ],
            [
              5.5833202,
              7.1641662
            ]
          ]
        ]
      },
      "id": "way/1491808833"
    },
    {
      "type": "Feature",
      "properties": {
        "@id": "way/1491808835",
        "building": "Service",
        "name": "Complex"
      },
      "geometry": {
        "type": "Polygon",
        "coordinates": [
          [
            [
              5.5831318,
              7.1642371
            ],
            [
              5.5832737,
              7.1639341
            ],
            [
              5.5833752,
              7.1639826
            ],
            [
              5.5832305,
              7.16428
            ],
            [
              5.5831318,
              7.1642371
            ]
          ]
        ]
      },
      "id": "way/1491808835"
    },
    {
      "type": "Feature",
      "properties": {
        "@id": "way/1491808840",
        "amenity": "parking",
        "operator": "Achievers University"
      },
      "geometry": {
        "type": "Polygon",
        "coordinates": [
          [
            [
              5.5824747,
              7.1637242
            ],
            [
              5.5826657,
              7.1633867
            ],
            [
              5.582691,
              7.1634026
            ],
            [
              5.5827535,
              7.163442
            ],
            [
              5.5825848,
              7.1637906
            ],
            [
              5.5824747,
              7.1637242
            ]
          ]
        ]
      },
      "id": "way/1491808840"
    },
    {
      "type": "Feature",
      "properties": {
        "@id": "way/1491808845",
        "building": "Educational",
        "name": "Cadaver Building (Laboratory)"
      },
      "geometry": {
        "type": "Polygon",
        "coordinates": [
          [
            [
              5.576788,
              7.1625812
            ],
            [
              5.5764922,
              7.1616833
            ],
            [
              5.5769519,
              7.1615181
            ],
            [
              5.5772634,
              7.1624264
            ],
            [
              5.576788,
              7.1625812
            ]
          ]
        ]
      },
      "id": "way/1491808845"
    },
    {
      "type": "Feature",
      "properties": {
        "@id": "way/1491810937",
        "amenity": "parking",
        "operator": "COSMAS Lot"
      },
      "geometry": {
        "type": "Polygon",
        "coordinates": [
          [
            [
              5.5861003,
              7.1674231
            ],
            [
              5.5861061,
              7.1673787
            ],
            [
              5.5861335,
              7.1671686
            ],
            [
              5.5862115,
              7.1671786
            ],
            [
              5.5866127,
              7.1672209
            ],
            [
              5.5865806,
              7.1674527
            ],
            [
              5.5865777,
              7.1674736
            ],
            [
              5.5862992,
              7.1674486
            ],
            [
              5.5861003,
              7.1674231
            ]
          ]
        ]
      },
      "id": "way/1491810937"
    },
    {
      "type": "Feature",
      "properties": {
        "@id": "way/1491810941",
        "amenity": "parking",
        "operator": "Achiever's University"
      },
      "geometry": {
        "type": "Polygon",
        "coordinates": [
          [
            [
              5.5857851,
              7.1682899
            ],
            [
              5.5858078,
              7.1681073
            ],
            [
              5.5860236,
              7.1681189
            ],
            [
              5.5861999,
              7.1681283
            ],
            [
              5.5861999,
              7.1681986
            ],
            [
              5.5861999,
              7.1683004
            ],
            [
              5.5859663,
              7.1682945
            ],
            [
              5.5857851,
              7.1682899
            ]
          ]
        ]
      },
      "id": "way/1491810941"
    },
    {
      "type": "Feature",
      "properties": {
        "@id": "way/1491814005",
        "amenity": "parking",
        "operator": "Achievers"
      },
      "geometry": {
        "type": "Polygon",
        "coordinates": [
          [
            [
              5.5858264,
              7.1688955
            ],
            [
              5.5858594,
              7.1685995
            ],
            [
              5.5859437,
              7.1686047
            ],
            [
              5.586024,
              7.1686097
            ],
            [
              5.5860151,
              7.16879
            ],
            [
              5.5859362,
              7.1687893
            ],
            [
              5.5859307,
              7.1689098
            ],
            [
              5.5858264,
              7.1688955
            ]
          ]
        ]
      },
      "id": "way/1491814005"
    },
    {
      "type": "Feature",
      "properties": {
        "@id": "way/1491814006",
        "amenity": "parking",
        "operator": "Administration Block Lot"
      },
      "geometry": {
        "type": "Polygon",
        "coordinates": [
          [
            [
              5.5846255,
              7.1676684
            ],
            [
              5.5846276,
              7.1676233
            ],
            [
              5.5845909,
              7.1676184
            ],
            [
              5.5846431,
              7.1671913
            ],
            [
              5.5849086,
              7.1672143
            ],
            [
              5.584992,
              7.1672215
            ],
            [
              5.5850273,
              7.1672239
            ],
            [
              5.5849835,
              7.1676325
            ],
            [
              5.584976,
              7.1677024
            ],
            [
              5.5846255,
              7.1676684
            ]
          ]
        ]
      },
      "id": "way/1491814006"
    },
    {
      "type": "Feature",
      "properties": {
        "@id": "way/1491814008",
        "amenity": "parking",
        "operator": "Achievers"
      },
      "geometry": {
        "type": "Polygon",
        "coordinates": [
          [
            [
              5.5836241,
              7.1674763
            ],
            [
              5.5836694,
              7.1671709
            ],
            [
              5.5837263,
              7.1669178
            ],
            [
              5.5839744,
              7.1669667
            ],
            [
              5.5839502,
              7.1670955
            ],
            [
              5.5838961,
              7.1673826
            ],
            [
              5.58387,
              7.1675216
            ],
            [
              5.5836241,
              7.1674763
            ]
          ]
        ]
      },
      "id": "way/1491814008"
    },
    {
      "type": "Feature",
      "properties": {
        "@id": "way/1492564466",
        "building": "Educational",
        "name": "Cadaver Building (Morgue)"
      },
      "geometry": {
        "type": "Polygon",
        "coordinates": [
          [
            [
              5.5764186,
              7.1614446
            ],
            [
              5.5761229,
              7.1605468
            ],
            [
              5.5765826,
              7.1603815
            ],
            [
              5.5768941,
              7.1612899
            ],
            [
              5.5764186,
              7.1614446
            ]
          ]
        ]
      },
      "id": "way/1492564466"
    },
    {
      "type": "Feature",
      "properties": {
        "@id": "way/1492577611",
        "building": "Service",
        "name": "Main Gate Security Post"
      },
      "geometry": {
        "type": "Polygon",
        "coordinates": [
          [
            [
              5.5892857,
              7.169086
            ],
            [
              5.5892581,
              7.1690533
            ],
            [
              5.5892265,
              7.1690159
            ],
            [
              5.5893178,
              7.16894
            ],
            [
              5.589377,
              7.1690102
            ],
            [
              5.5892857,
              7.169086
            ]
          ]
        ]
      },
      "id": "way/1492577611"
    },
    {
      "type": "Feature",
      "properties": {
        "@id": "way/1493087277",
        "amenity": "parking",
        "operator": "Achievers University"
      },
      "geometry": {
        "type": "Polygon",
        "coordinates": [
          [
            [
              5.5851327,
              7.1685169
            ],
            [
              5.5851406,
              7.1684352
            ],
            [
              5.5853398,
              7.1684542
            ],
            [
              5.5853318,
              7.168536
            ],
            [
              5.5851327,
              7.1685169
            ]
          ]
        ]
      },
      "id": "way/1493087277"
    },
    {
      "type": "Feature",
      "properties": {
        "@id": "way/1493087278",
        "amenity": "parking",
        "operator": "Achievers University"
      },
      "geometry": {
        "type": "Polygon",
        "coordinates": [
          [
            [
              5.5851632,
              7.1682422
            ],
            [
              5.5851818,
              7.1680856
            ],
            [
              5.5852626,
              7.168095
            ],
            [
              5.5853565,
              7.168106
            ],
            [
              5.5853379,
              7.1682626
            ],
            [
              5.5852509,
              7.1682525
            ],
            [
              5.5851632,
              7.1682422
            ]
          ]
        ]
      },
      "id": "way/1493087278"
    },
    {
      "type": "Feature",
      "properties": {
        "@id": "way/1493087285",
        "building": "Service",
        "name": "Secondary School Gate"
      },
      "geometry": {
        "type": "Polygon",
        "coordinates": [
          [
            [
              5.5785253,
              7.1672647
            ],
            [
              5.5785227,
              7.1672305
            ],
            [
              5.578519,
              7.1671813
            ],
            [
              5.5786827,
              7.1671751
            ],
            [
              5.5786865,
              7.1672165
            ],
            [
              5.5786907,
              7.1672637
            ],
            [
              5.5785253,
              7.1672647
            ]
          ]
        ]
      },
      "id": "way/1493087285"
    },
    {
      "type": "Feature",
      "properties": {
        "@id": "way/1495104184",
        "building": "Greenhouse",
        "name": "Greenhouse 2"
      },
      "geometry": {
        "type": "Polygon",
        "coordinates": [
          [
            [
              5.5856747,
              7.1633828
            ],
            [
              5.5859704,
              7.162845
            ],
            [
              5.5862168,
              7.1629642
            ],
            [
              5.5859211,
              7.1634928
            ],
            [
              5.5856747,
              7.1633828
            ]
          ]
        ]
      },
      "id": "way/1495104184"
    },
    {
      "type": "Feature",
      "properties": {
        "@id": "way/1495104185",
        "building": "Greenhouse",
        "name": "Greenhouse 2"
      },
      "geometry": {
        "type": "Polygon",
        "coordinates": [
          [
            [
              5.5869513,
              7.1640733
            ],
            [
              5.587247,
              7.1635355
            ],
            [
              5.5874934,
              7.1636547
            ],
            [
              5.5871977,
              7.1641833
            ],
            [
              5.5869513,
              7.1640733
            ]
          ]
        ]
      },
      "id": "way/1495104185"
    },
    {
      "type": "Feature",
      "properties": {
        "@id": "way/1496185200",
        "amenity": "parking"
      },
      "geometry": {
        "type": "Polygon",
        "coordinates": [
          [
            [
              5.5816146,
              7.1670813
            ],
            [
              5.5816703,
              7.1668564
            ],
            [
              5.5817428,
              7.1665639
            ],
            [
              5.5820093,
              7.1666111
            ],
            [
              5.5818969,
              7.1671313
            ],
            [
              5.5816146,
              7.1670813
            ]
          ]
        ]
      },
      "id": "way/1496185200"
    },
    {
      "type": "Feature",
      "properties": {
        "@id": "way/1496185202",
        "amenity": "fast_food",
        "building": "Food",
        "fast_food": "cafeteria",
        "name": "Bellyful Cuisine"
      },
      "geometry": {
        "type": "Polygon",
        "coordinates": [
          [
            [
              5.5834005,
              7.1669414
            ],
            [
              5.5834089,
              7.166864
            ],
            [
              5.5834548,
              7.1668683
            ],
            [
              5.5834475,
              7.1669468
            ],
            [
              5.5834005,
              7.1669414
            ]
          ]
        ]
      },
      "id": "way/1496185202"
    },
    {
      "type": "Feature",
      "properties": {
        "@id": "way/1496185203",
        "building": "Shop",
        "name": "Lady B Boutique",
        "shop": "yes"
      },
      "geometry": {
        "type": "Polygon",
        "coordinates": [
          [
            [
              5.5828188,
              7.1668789
            ],
            [
              5.5828263,
              7.1668054
            ],
            [
              5.5828904,
              7.1668116
            ],
            [
              5.5828824,
              7.1668859
            ],
            [
              5.5828188,
              7.1668789
            ]
          ]
        ]
      },
      "id": "way/1496185203"
    },
    {
      "type": "Feature",
      "properties": {
        "@id": "way/1496185204",
        "amenity": "fast_food",
        "building": "Food",
        "fast_food": "cafeteria",
        "name": "Sir K"
      },
      "geometry": {
        "type": "Polygon",
        "coordinates": [
          [
            [
              5.5834374,
              7.1668279
            ],
            [
              5.5834437,
              7.1667584
            ],
            [
              5.583552,
              7.166767
            ],
            [
              5.5835458,
              7.1668387
            ],
            [
              5.5834374,
              7.1668279
            ]
          ]
        ]
      },
      "id": "way/1496185204"
    },
    {
      "type": "Feature",
      "properties": {
        "@id": "way/1496185210",
        "building": "Residential",
        "name": "Chief. Olutoyin Olakunrin Hall of Residence General shed"
      },
      "geometry": {
        "type": "Polygon",
        "coordinates": [
          [
            [
              5.5833758,
              7.1666862
            ],
            [
              5.5833765,
              7.1665831
            ],
            [
              5.5834713,
              7.1665839
            ],
            [
              5.5834759,
              7.1666817
            ],
            [
              5.5833758,
              7.1666862
            ]
          ]
        ]
      },
      "id": "way/1496185210"
    },
    {
      "type": "Feature",
      "properties": {
        "@id": "way/1496185211",
        "leisure": "pitch",
        "name": "Chief. Olutoyin Olakunrin Hall of Residence Badminton Court",
        "sport": "badminton",
        "building": "Sports"
      },
      "geometry": {
        "type": "Polygon",
        "coordinates": [
          [
            [
              5.5834208,
              7.166521
            ],
            [
              5.5834086,
              7.1663936
            ],
            [
              5.5834789,
              7.1663898
            ],
            [
              5.5834896,
              7.166518
            ],
            [
              5.5834208,
              7.166521
            ]
          ]
        ]
      },
      "id": "way/1496185211"
    },
    {
      "type": "Feature",
      "properties": {
        "@id": "way/1496185212",
        "building": "Residential",
        "name": "Chief. Olutoyin Olakunrin Hall of Residence Male Hostel Block A"
      },
      "geometry": {
        "type": "Polygon",
        "coordinates": [
          [
            [
              5.5829652,
              7.1665787
            ],
            [
              5.5830156,
              7.1661984
            ],
            [
              5.5830694,
              7.1662055
            ],
            [
              5.5831114,
              7.1662109
            ],
            [
              5.583116,
              7.166245
            ],
            [
              5.5831679,
              7.1662541
            ],
            [
              5.5831832,
              7.1662322
            ],
            [
              5.5832349,
              7.166239
            ],
            [
              5.5832817,
              7.1662451
            ],
            [
              5.5832324,
              7.1666147
            ],
            [
              5.5831221,
              7.1666002
            ],
            [
              5.5831264,
              7.1665681
            ],
            [
              5.5830848,
              7.1665627
            ],
            [
              5.5830807,
              7.1665937
            ],
            [
              5.5829652,
              7.1665787
            ]
          ]
        ]
      },
      "id": "way/1496185212"
    },
    {
      "type": "Feature",
      "properties": {
        "@id": "way/1496185213",
        "building": "Residential",
        "name": "Chief. Olutoyin Olakunrin Hall of Residence Male Hostel  Block B"
      },
      "geometry": {
        "type": "Polygon",
        "coordinates": [
          [
            [
              5.5825891,
              7.1665395
            ],
            [
              5.5826317,
              7.1661675
            ],
            [
              5.5826797,
              7.1661729
            ],
            [
              5.5828317,
              7.1661901
            ],
            [
              5.5828867,
              7.1661963
            ],
            [
              5.5828431,
              7.1665768
            ],
            [
              5.5827387,
              7.166565
            ],
            [
              5.582741,
              7.1665445
            ],
            [
              5.5826894,
              7.1665387
            ],
            [
              5.582688,
              7.1665507
            ],
            [
              5.5825891,
              7.1665395
            ]
          ]
        ]
      },
      "id": "way/1496185213"
    },
    {
      "type": "Feature",
      "properties": {
        "@id": "way/1496185214",
        "building": "Residential",
        "name": "Chief. Olutoyin Olakunrin Hall of Residence General Restroom"
      },
      "geometry": {
        "type": "Polygon",
        "coordinates": [
          [
            [
              5.5828614,
              7.1665668
            ],
            [
              5.5828714,
              7.1664745
            ],
            [
              5.5829728,
              7.1664853
            ],
            [
              5.5829628,
              7.1665776
            ],
            [
              5.5828614,
              7.1665668
            ]
          ]
        ]
      },
      "id": "way/1496185214"
    },
    {
      "type": "Feature",
      "properties": {
        "@id": "way/1496185215",
        "building": "Residential",
        "name": "Chief. Olutoyin Olakunrin Hall of Residence Female Hostel"
      },
      "geometry": {
        "type": "Polygon",
        "coordinates": [
          [
            [
              5.5826298,
              7.1661249
            ],
            [
              5.5826772,
              7.1657608
            ],
            [
              5.5827751,
              7.1657734
            ],
            [
              5.5827726,
              7.165793
            ],
            [
              5.5828428,
              7.165802
            ],
            [
              5.5828461,
              7.1657769
            ],
            [
              5.5829476,
              7.1657899
            ],
            [
              5.5828994,
              7.1661595
            ],
            [
              5.5826298,
              7.1661249
            ]
          ]
        ]
      },
      "id": "way/1496185215"
    },
    {
      "type": "Feature",
      "properties": {
        "@id": "way/1496185216",
        "building": "Residential",
        "name": "Chief. Olutoyin Olakunrin Hall of Residence Female Hostel"
      },
      "geometry": {
        "type": "Polygon",
        "coordinates": [
          [
            [
              5.5830131,
              7.1661657
            ],
            [
              5.5830543,
              7.1657954
            ],
            [
              5.5831532,
              7.1658062
            ],
            [
              5.5831595,
              7.1658069
            ],
            [
              5.5831634,
              7.1658296
            ],
            [
              5.5832168,
              7.1658387
            ],
            [
              5.5832283,
              7.1658205
            ],
            [
              5.5833311,
              7.1658318
            ],
            [
              5.5832906,
              7.1661961
            ],
            [
              5.5830131,
              7.1661657
            ]
          ]
        ]
      },
      "id": "way/1496185216"
    },
    {
      "type": "Feature",
      "properties": {
        "@id": "way/1496185217",
        "building": "Residential",
        "name": "Chief. Olutoyin Olakunrin Hall of Residence Female Hostel General Restroom"
      },
      "geometry": {
        "type": "Polygon",
        "coordinates": [
          [
            [
              5.5829486,
              7.165864
            ],
            [
              5.5829575,
              7.165782
            ],
            [
              5.583045,
              7.1657913
            ],
            [
              5.5830361,
              7.1658734
            ],
            [
              5.5829486,
              7.165864
            ]
          ]
        ]
      },
      "id": "way/1496185217"
    },
    {
      "type": "Feature",
      "properties": {
        "@id": "way/1496185218",
        "building": "Residential",
        "name": "Chief. Olutoyin Olakunrin Hall of Residence Porter's Lounge"
      },
      "geometry": {
        "type": "Polygon",
        "coordinates": [
          [
            [
              5.5834422,
              7.1662208
            ],
            [
              5.5834354,
              7.1661131
            ],
            [
              5.5834932,
              7.1661099
            ],
            [
              5.5835041,
              7.1662147
            ],
            [
              5.5834422,
              7.1662208
            ]
          ]
        ]
      },
      "id": "way/1496185218"
    },
    {
      "type": "Feature",
      "properties": {
        "@id": "way/1496185219",
        "building": "Residential",
        "name": "Chief. Olutoyin Olakunrin Hall of Residence Female Hostel"
      },
      "geometry": {
        "type": "Polygon",
        "coordinates": [
          [
            [
              5.5829941,
              7.1656696
            ],
            [
              5.5830223,
              7.1653917
            ],
            [
              5.5833557,
              7.1654251
            ],
            [
              5.5833453,
              7.1655277
            ],
            [
              5.5833373,
              7.1656059
            ],
            [
              5.5833274,
              7.1657029
            ],
            [
              5.5829941,
              7.1656696
            ]
          ]
        ]
      },
      "id": "way/1496185219"
    },
    {
      "type": "Feature",
      "properties": {
        "@id": "way/1496185220",
        "building": "Residential",
        "name": "Chief. Olutoyin Olakunrin Hall of Residence Female Hostel"
      },
      "geometry": {
        "type": "Polygon",
        "coordinates": [
          [
            [
              5.5826085,
              7.1656227
            ],
            [
              5.5826377,
              7.1653571
            ],
            [
              5.582974,
              7.1653936
            ],
            [
              5.5829447,
              7.1656592
            ],
            [
              5.5826085,
              7.1656227
            ]
          ]
        ]
      },
      "id": "way/1496185220"
    },
    {
      "type": "Feature",
      "properties": {
        "@id": "way/1496185221",
        "amenity": "parking"
      },
      "geometry": {
        "type": "Polygon",
        "coordinates": [
          [
            [
              5.5832826,
              7.1653217
            ],
            [
              5.5833612,
              7.1650276
            ],
            [
              5.5833852,
              7.1650354
            ],
            [
              5.5834522,
              7.1650572
            ],
            [
              5.5834163,
              7.1653445
            ],
            [
              5.5832826,
              7.1653217
            ]
          ]
        ]
      },
      "id": "way/1496185221"
    },
    {
      "type": "Feature",
      "properties": {
        "@id": "way/1496185225",
        "leisure": "pitch",
        "name": "Lady. Babade Adelami Badminton Court",
        "sport": "badminton",
        "building": "Sports"
      },
      "geometry": {
        "type": "Polygon",
        "coordinates": [
          [
            [
              5.5837319,
              7.1635096
            ],
            [
              5.5838138,
              7.16335
            ],
            [
              5.583894,
              7.1633905
            ],
            [
              5.583812,
              7.1635501
            ],
            [
              5.5837319,
              7.1635096
            ]
          ]
        ]
      },
      "id": "way/1496185225"
    },
    {
      "type": "Feature",
      "properties": {
        "@id": "way/1496185226",
        "building": "Residential",
        "building:levels": "3",
        "name": "Senator. Bode Olajumoke Female Hall of Residence"
      },
      "geometry": {
        "type": "Polygon",
        "coordinates": [
          [
            [
              5.5831191,
              7.1632783
            ],
            [
              5.5833328,
              7.162911
            ],
            [
              5.5833397,
              7.1629323
            ],
            [
              5.5833597,
              7.1629546
            ],
            [
              5.5833824,
              7.1629466
            ],
            [
              5.5837496,
              7.1631915
            ],
            [
              5.5837751,
              7.1631807
            ],
            [
              5.5838224,
              7.1632132
            ],
            [
              5.583616,
              7.1635787
            ],
            [
              5.5835513,
              7.1635436
            ],
            [
              5.5835495,
              7.1635021
            ],
            [
              5.5834307,
              7.1634341
            ],
            [
              5.5834167,
              7.163458
            ],
            [
              5.5833741,
              7.1634336
            ],
            [
              5.583337,
              7.1634124
            ],
            [
              5.5833544,
              7.1633825
            ],
            [
              5.5831789,
              7.163282
            ],
            [
              5.5831656,
              7.1633049
            ],
            [
              5.5831191,
              7.1632783
            ]
          ]
        ]
      },
      "id": "way/1496185226"
    },
    {
      "type": "Feature",
      "properties": {
        "@id": "way/1496185227",
        "building": "Residential",
        "name": "Lady. Babade Adelami Female Porter's Lounge"
      },
      "geometry": {
        "type": "Polygon",
        "coordinates": [
          [
            [
              5.5836483,
              7.1638146
            ],
            [
              5.5837692,
              7.1636061
            ],
            [
              5.5838213,
              7.1636358
            ],
            [
              5.5837004,
              7.1638443
            ],
            [
              5.5836483,
              7.1638146
            ]
          ]
        ]
      },
      "id": "way/1496185227"
    },
    {
      "type": "Feature",
      "properties": {
        "@id": "way/1496185228",
        "building": "Residential",
        "building:levels": "3",
        "name": "Alh. Atiku Abubakar Hall of Residence"
      },
      "geometry": {
        "type": "Polygon",
        "coordinates": [
          [
            [
              5.5824597,
              7.162789
            ],
            [
              5.5826871,
              7.1624163
            ],
            [
              5.5828217,
              7.1624971
            ],
            [
              5.58266,
              7.1627624
            ],
            [
              5.5827055,
              7.1627897
            ],
            [
              5.5828716,
              7.1625174
            ],
            [
              5.5830103,
              7.1626006
            ],
            [
              5.5828418,
              7.1628769
            ],
            [
              5.5828789,
              7.1628992
            ],
            [
              5.5830414,
              7.1626326
            ],
            [
              5.5831779,
              7.1627145
            ],
            [
              5.5829476,
              7.1630922
            ],
            [
              5.5827644,
              7.1629823
            ],
            [
              5.5827312,
              7.1630367
            ],
            [
              5.5826733,
              7.1630019
            ],
            [
              5.5826207,
              7.1629703
            ],
            [
              5.5826585,
              7.1629084
            ],
            [
              5.5824597,
              7.162789
            ]
          ]
        ]
      },
      "id": "way/1496185228"
    },
    {
      "type": "Feature",
      "properties": {
        "@id": "way/1496185229",
        "building": "Educational"
      },
      "geometry": {
        "type": "Polygon",
        "coordinates": [
          [
            [
              5.5828278,
              7.1633455
            ],
            [
              5.5829539,
              7.1631316
            ],
            [
              5.5830224,
              7.1631714
            ],
            [
              5.5828963,
              7.1633853
            ],
            [
              5.5828278,
              7.1633455
            ]
          ]
        ]
      },
      "id": "way/1496185229"
    },
    {
      "type": "Feature",
      "properties": {
        "@id": "way/1496185233",
        "leisure": "pitch",
        "sport": "basketball"
      },
      "geometry": {
        "type": "Polygon",
        "coordinates": [
          [
            [
              5.582226,
              7.1640388
            ],
            [
              5.5823691,
              7.163819
            ],
            [
              5.5824938,
              7.1638989
            ],
            [
              5.5823508,
              7.1641188
            ],
            [
              5.582226,
              7.1640388
            ]
          ]
        ]
      },
      "id": "way/1496185233"
    },
    {
      "type": "Feature",
      "properties": {
        "@id": "way/1496185237",
        "building": "Educational"
      },
      "geometry": {
        "type": "Polygon",
        "coordinates": [
          [
            [
              5.582412,
              7.1632972
            ],
            [
              5.5824505,
              7.1632295
            ],
            [
              5.5826558,
              7.1633444
            ],
            [
              5.5826329,
              7.1633848
            ],
            [
              5.5826173,
              7.1634121
            ],
            [
              5.582412,
              7.1632972
            ]
          ]
        ]
      },
      "id": "way/1496185237"
    },
    {
      "type": "Feature",
      "properties": {
        "@id": "way/1496185242",
        "building": "Educational"
      },
      "geometry": {
        "type": "Polygon",
        "coordinates": [
          [
            [
              5.5838674,
              7.1652771
            ],
            [
              5.584327,
              7.1643007
            ],
            [
              5.5844043,
              7.1643365
            ],
            [
              5.5839444,
              7.1653128
            ],
            [
              5.5838674,
              7.1652771
            ]
          ]
        ]
      },
      "id": "way/1496185242"
    },
    {
      "type": "Feature",
      "properties": {
        "@id": "way/1496185246",
        "building": "Educational"
      },
      "geometry": {
        "type": "Polygon",
        "coordinates": [
          [
            [
              5.5811701,
              7.1659578
            ],
            [
              5.5813139,
              7.1657173
            ],
            [
              5.5814387,
              7.1657908
            ],
            [
              5.5812948,
              7.1660312
            ],
            [
              5.5811701,
              7.1659578
            ]
          ]
        ]
      },
      "id": "way/1496185246"
    },
    {
      "type": "Feature",
      "properties": {
        "@id": "way/1496185247",
        "building": "Educational"
      },
      "geometry": {
        "type": "Polygon",
        "coordinates": [
          [
            [
              5.5810229,
              7.1661961
            ],
            [
              5.581119,
              7.1660237
            ],
            [
              5.5812581,
              7.1661001
            ],
            [
              5.581162,
              7.1662725
            ],
            [
              5.5810229,
              7.1661961
            ]
          ]
        ]
      },
      "id": "way/1496185247"
    },
    {
      "type": "Feature",
      "properties": {
        "@id": "way/1496185248",
        "building": "Educational"
      },
      "geometry": {
        "type": "Polygon",
        "coordinates": [
          [
            [
              5.5807524,
              7.1664354
            ],
            [
              5.5809143,
              7.1661852
            ],
            [
              5.580999,
              7.1662392
            ],
            [
              5.5808371,
              7.1664894
            ],
            [
              5.5807524,
              7.1664354
            ]
          ]
        ]
      },
      "id": "way/1496185248"
    },
    {
      "type": "Feature",
      "properties": {
        "@id": "way/1496185249",
        "building": "Educational"
      },
      "geometry": {
        "type": "Polygon",
        "coordinates": [
          [
            [
              5.5809637,
              7.1658459
            ],
            [
              5.5810413,
              7.1657216
            ],
            [
              5.5811657,
              7.1657981
            ],
            [
              5.5810882,
              7.1659223
            ],
            [
              5.5809637,
              7.1658459
            ]
          ]
        ]
      },
      "id": "way/1496185249"
    },
    {
      "type": "Feature",
      "properties": {
        "@id": "way/1496185250",
        "building": "Educational",
        "name": "Nursing Smart Class"
      },
      "geometry": {
        "type": "Polygon",
        "coordinates": [
          [
            [
              5.5813777,
              7.1663191
            ],
            [
              5.5815442,
              7.1657455
            ],
            [
              5.5818005,
              7.1658253
            ],
            [
              5.5817213,
              7.1660981
            ],
            [
              5.581634,
              7.1663989
            ],
            [
              5.5813777,
              7.1663191
            ]
          ]
        ]
      },
      "id": "way/1496185250"
    },
    {
      "type": "Feature",
      "properties": {
        "@id": "way/1496185255",
        "amenity": "fast_food",
        "building": "Store",
        "fast_food": "cafeteria",
        "name": "unknown small shop"
      },
      "geometry": {
        "type": "Polygon",
        "coordinates": [
          [
            [
              5.5831669,
              7.1667987
            ],
            [
              5.5831751,
              7.1667332
            ],
            [
              5.5832444,
              7.16674
            ],
            [
              5.5832348,
              7.1668046
            ],
            [
              5.5831669,
              7.1667987
            ]
          ]
        ]
      },
      "id": "way/1496185255"
    },
    {
      "type": "Feature",
      "properties": {
        "@id": "way/1496185256",
        "amenity": "fast_food",
        "building": "Food",
        "fast_food": "cafeteria",
        "name": "Eatrite Restaurant"
      },
      "geometry": {
        "type": "Polygon",
        "coordinates": [
          [
            [
              5.5830666,
              7.1667883
            ],
            [
              5.5830718,
              7.1667214
            ],
            [
              5.5831751,
              7.1667332
            ],
            [
              5.5831669,
              7.1667987
            ],
            [
              5.5830666,
              7.1667883
            ]
          ]
        ]
      },
      "id": "way/1496185256"
    },
    {
      "type": "Feature",
      "properties": {
        "@id": "way/1496185257",
        "amenity": "fast_food",
        "building": "Store",
        "fast_food": "cafeteria",
        "name": "complex with 3 stores (one unknown, small london food, achievers university staff cooperative multi-purpose society)"
      },
      "geometry": {
        "type": "Polygon",
        "coordinates": [
          [
            [
              5.5829631,
              7.1667767
            ],
            [
              5.5829707,
              7.1667125
            ],
            [
              5.5830718,
              7.1667214
            ],
            [
              5.5830666,
              7.1667883
            ],
            [
              5.5829631,
              7.1667767
            ]
          ]
        ]
      },
      "id": "way/1496185257"
    },
    {
      "type": "Feature",
      "properties": {
        "@id": "way/1496185258",
        "amenity": "fast_food",
        "building": "yes",
        "fast_food": "cafeteria",
        "name": "Morayomi Food Canteen"
      },
      "geometry": {
        "type": "Polygon",
        "coordinates": [
          [
            [
              5.5833465,
              7.1669365
            ],
            [
              5.5833543,
              7.166858
            ],
            [
              5.5834089,
              7.166864
            ],
            [
              5.5834005,
              7.1669414
            ],
            [
              5.5833465,
              7.1669365
            ]
          ]
        ]
      },
      "id": "way/1496185258"
    },
    {
      "type": "Feature",
      "properties": {
        "@id": "way/1496185259",
        "amenity": "fast_food",
        "building": "yes",
        "fast_food": "cafeteria",
        "name": "Unlabelled 4"
      },
      "geometry": {
        "type": "Polygon",
        "coordinates": [
          [
            [
              5.583286,
              7.1669301
            ],
            [
              5.583296,
              7.1668508
            ],
            [
              5.5833543,
              7.166858
            ],
            [
              5.5833465,
              7.1669365
            ],
            [
              5.583286,
              7.1669301
            ]
          ]
        ]
      },
      "id": "way/1496185259"
    },
    {
      "type": "Feature",
      "properties": {
        "@id": "way/1496185260",
        "amenity": "fast_food",
        "building": "Food",
        "fast_food": "cafeteria",
        "name": "Oshaprapra Quality Foods"
      },
      "geometry": {
        "type": "Polygon",
        "coordinates": [
          [
            [
              5.5832035,
              7.1669203
            ],
            [
              5.583213,
              7.1668406
            ],
            [
              5.583296,
              7.1668508
            ],
            [
              5.583286,
              7.1669301
            ],
            [
              5.5832035,
              7.1669203
            ]
          ]
        ]
      },
      "id": "way/1496185260"
    },
    {
      "type": "Feature",
      "properties": {
        "@id": "way/1496185261",
        "amenity": "fast_food",
        "building": "Food",
        "fast_food": "cafeteria",
        "name": "Iya Alakara"
      },
      "geometry": {
        "type": "Polygon",
        "coordinates": [
          [
            [
              5.583127,
              7.1669119
            ],
            [
              5.5831351,
              7.1668323
            ],
            [
              5.583213,
              7.1668406
            ],
            [
              5.5832035,
              7.1669203
            ],
            [
              5.583127,
              7.1669119
            ]
          ]
        ]
      },
      "id": "way/1496185261"
    },
    {
      "type": "Feature",
      "properties": {
        "@id": "way/1496185262",
        "amenity": "fast_food",
        "building": "yes",
        "fast_food": "cafeteria",
        "name": "Unlabelled 3"
      },
      "geometry": {
        "type": "Polygon",
        "coordinates": [
          [
            [
              5.5830531,
              7.1669042
            ],
            [
              5.5830604,
              7.1668258
            ],
            [
              5.5831351,
              7.1668323
            ],
            [
              5.583127,
              7.1669119
            ],
            [
              5.5830531,
              7.1669042
            ]
          ]
        ]
      },
      "id": "way/1496185262"
    },
    {
      "type": "Feature",
      "properties": {
        "@id": "way/1496185263",
        "building": "Store",
        "name": "Easy Life Cosmetics",
        "shop": "yes"
      },
      "geometry": {
        "type": "Polygon",
        "coordinates": [
          [
            [
              5.5829926,
              7.1668981
            ],
            [
              5.5829983,
              7.1668221
            ],
            [
              5.5830604,
              7.1668258
            ],
            [
              5.5830531,
              7.1669042
            ],
            [
              5.5829926,
              7.1668981
            ]
          ]
        ]
      },
      "id": "way/1496185263"
    },
    {
      "type": "Feature",
      "properties": {
        "@id": "way/1496185264",
        "amenity": "fast_food",
        "building": "Cafe",
        "fast_food": "cafeteria",
        "name": "T-Money Business Center and Stationary Store"
      },
      "geometry": {
        "type": "Polygon",
        "coordinates": [
          [
            [
              5.5829351,
              7.1668924
            ],
            [
              5.5829438,
              7.1668165
            ],
            [
              5.5829983,
              7.1668221
            ],
            [
              5.5829926,
              7.1668981
            ],
            [
              5.5829351,
              7.1668924
            ]
          ]
        ]
      },
      "id": "way/1496185264"
    },
    {
      "type": "Feature",
      "properties": {
        "@id": "way/1496185265",
        "amenity": "fast_food",
        "building": "Cafe",
        "fast_food": "cafeteria",
        "name": "Fortdan Business Center"
      },
      "geometry": {
        "type": "Polygon",
        "coordinates": [
          [
            [
              5.5828824,
              7.1668859
            ],
            [
              5.5828904,
              7.1668116
            ],
            [
              5.5829438,
              7.1668165
            ],
            [
              5.5829351,
              7.1668924
            ],
            [
              5.5828824,
              7.1668859
            ]
          ]
        ]
      },
      "id": "way/1496185265"
    },
    {
      "type": "Feature",
      "properties": {
        "@id": "way/1496185266",
        "building": "Cafe",
        "name": "Divine Solution Business Center and Stationary Store",
        "shop": "stationery"
      },
      "geometry": {
        "type": "Polygon",
        "coordinates": [
          [
            [
              5.5827648,
              7.1668732
            ],
            [
              5.5827737,
              7.1667992
            ],
            [
              5.5828263,
              7.1668054
            ],
            [
              5.5828188,
              7.1668789
            ],
            [
              5.5827648,
              7.1668732
            ]
          ]
        ]
      },
      "id": "way/1496185266"
    },
    {
      "type": "Feature",
      "properties": {
        "@id": "way/1496185267",
        "amenity": "fast_food",
        "building": "yes",
        "fast_food": "cafeteria",
        "name": "Unlabelled 2"
      },
      "geometry": {
        "type": "Polygon",
        "coordinates": [
          [
            [
              5.5827218,
              7.1668681
            ],
            [
              5.5827307,
              7.1667942
            ],
            [
              5.5827737,
              7.1667992
            ],
            [
              5.5827648,
              7.1668732
            ],
            [
              5.5827218,
              7.1668681
            ]
          ]
        ]
      },
      "id": "way/1496185267"
    },
    {
      "type": "Feature",
      "properties": {
        "@id": "way/1496185269",
        "amenity": "fast_food",
        "building": "yes",
        "fast_food": "cafeteria",
        "name": "Unlabelled 1"
      },
      "geometry": {
        "type": "Polygon",
        "coordinates": [
          [
            [
              5.5826574,
              7.1668609
            ],
            [
              5.582666,
              7.1667865
            ],
            [
              5.5827307,
              7.1667942
            ],
            [
              5.5827218,
              7.1668681
            ],
            [
              5.5826574,
              7.1668609
            ]
          ]
        ]
      },
      "id": "way/1496185269"
    },
    {
      "type": "Feature",
      "properties": {
        "@id": "way/1496185270",
        "amenity": "fast_food",
        "building": "Food",
        "fast_food": "cafeteria",
        "name": "Grab 'n Go"
      },
      "geometry": {
        "type": "Polygon",
        "coordinates": [
          [
            [
              5.5826193,
              7.1668566
            ],
            [
              5.5826279,
              7.1667822
            ],
            [
              5.582666,
              7.1667865
            ],
            [
              5.5826574,
              7.1668609
            ],
            [
              5.5826193,
              7.1668566
            ]
          ]
        ]
      },
      "id": "way/1496185270"
    },
    {
      "type": "Feature",
      "properties": {
        "@id": "way/1496185273",
        "amenity": "fast_food",
        "building": "Food",
        "fast_food": "cafeteria",
        "name": "Iya Pelumi Restaurant"
      },
      "geometry": {
        "type": "Polygon",
        "coordinates": [
          [
            [
              5.5832348,
              7.1668046
            ],
            [
              5.5832444,
              7.16674
            ],
            [
              5.5833128,
              7.1667458
            ],
            [
              5.5833071,
              7.1668145
            ],
            [
              5.5832348,
              7.1668046
            ]
          ]
        ]
      },
      "id": "way/1496185273"
    },
    {
      "type": "Feature",
      "properties": {
        "@id": "way/1496185274",
        "amenity": "fast_food",
        "building": "Food",
        "fast_food": "cafeteria",
        "name": "Bite and Smile Catering Services"
      },
      "geometry": {
        "type": "Polygon",
        "coordinates": [
          [
            [
              5.5828702,
              7.1667634
            ],
            [
              5.5828763,
              7.1667022
            ],
            [
              5.5829707,
              7.1667125
            ],
            [
              5.5829631,
              7.1667767
            ],
            [
              5.5828702,
              7.1667634
            ]
          ]
        ]
      },
      "id": "way/1496185274"
    },
    {
      "type": "Feature",
      "properties": {
        "@id": "way/1496185275",
        "amenity": "fast_food",
        "building": "Food",
        "fast_food": "cafeteria",
        "name": "Cutleries"
      },
      "geometry": {
        "type": "Polygon",
        "coordinates": [
          [
            [
              5.5827934,
              7.1667558
            ],
            [
              5.5827995,
              7.1666947
            ],
            [
              5.5828763,
              7.1667022
            ],
            [
              5.5828702,
              7.1667634
            ],
            [
              5.5828625,
              7.1667627
            ],
            [
              5.5828616,
              7.1667719
            ],
            [
              5.582834,
              7.1667693
            ],
            [
              5.582835,
              7.1667599
            ],
            [
              5.5827934,
              7.1667558
            ]
          ]
        ]
      },
      "id": "way/1496185275"
    },
    {
      "type": "Feature",
      "properties": {
        "@id": "way/1496185276",
        "building": "yes",
        "name": "Unlabelled 6",
        "shop": "yes"
      },
      "geometry": {
        "type": "Polygon",
        "coordinates": [
          [
            [
              5.5827308,
              7.1667473
            ],
            [
              5.5827359,
              7.1666885
            ],
            [
              5.5827995,
              7.1666947
            ],
            [
              5.5827934,
              7.1667558
            ],
            [
              5.5827308,
              7.1667473
            ]
          ]
        ]
      },
      "id": "way/1496185276"
    },
    {
      "type": "Feature",
      "properties": {
        "@id": "way/1496185277",
        "building": "yes",
        "name": "Unlabelled 5",
        "shop": "yes"
      },
      "geometry": {
        "type": "Polygon",
        "coordinates": [
          [
            [
              5.5826641,
              7.1667399
            ],
            [
              5.5826712,
              7.1666816
            ],
            [
              5.5827359,
              7.1666885
            ],
            [
              5.5827308,
              7.1667473
            ],
            [
              5.5826641,
              7.1667399
            ]
          ]
        ]
      },
      "id": "way/1496185277"
    },
    {
      "type": "Feature",
      "properties": {
        "@id": "way/1496185282",
        "amenity": "parking"
      },
      "geometry": {
        "type": "Polygon",
        "coordinates": [
          [
            [
              5.5835135,
              7.1662145
            ],
            [
              5.5836167,
              7.1661929
            ],
            [
              5.5836435,
              7.1662605
            ],
            [
              5.5836816,
              7.1663845
            ],
            [
              5.5835391,
              7.1664166
            ],
            [
              5.5835189,
              7.1662573
            ],
            [
              5.5835135,
              7.1662145
            ]
          ]
        ]
      },
      "id": "way/1496185282"
    },
    {
      "type": "Feature",
      "properties": {
        "@id": "way/1496188486",
        "building": "Residential",
        "name": "Staff Quarters Block A"
      },
      "geometry": {
        "type": "Polygon",
        "coordinates": [
          [
            [
              5.5778414,
              7.1635567
            ],
            [
              5.5778199,
              7.1633669
            ],
            [
              5.5780524,
              7.1633409
            ],
            [
              5.5780739,
              7.1635307
            ],
            [
              5.5778414,
              7.1635567
            ]
          ]
        ]
      },
      "id": "way/1496188486"
    },
    {
      "type": "Feature",
      "properties": {
        "@id": "way/1496188487",
        "building": "Residential",
        "name": "Staff Quarters Block C"
      },
      "geometry": {
        "type": "Polygon",
        "coordinates": [
          [
            [
              5.5778806,
              7.1638496
            ],
            [
              5.5778591,
              7.1636598
            ],
            [
              5.5780916,
              7.1636338
            ],
            [
              5.5781132,
              7.1638236
            ],
            [
              5.5778806,
              7.1638496
            ]
          ]
        ]
      },
      "id": "way/1496188487"
    },
    {
      "type": "Feature",
      "properties": {
        "@id": "way/1496188488",
        "building": "Residential",
        "name": "Staff Quarters Block E"
      },
      "geometry": {
        "type": "Polygon",
        "coordinates": [
          [
            [
              5.5777949,
              7.1639988
            ],
            [
              5.577784,
              7.1638888
            ],
            [
              5.5781188,
              7.1638563
            ],
            [
              5.5781297,
              7.1639662
            ],
            [
              5.5777949,
              7.1639988
            ]
          ]
        ]
      },
      "id": "way/1496188488"
    },
    {
      "type": "Feature",
      "properties": {
        "@id": "way/1496188489",
        "building": "Residential",
        "name": "Staff Quarters Block F"
      },
      "geometry": {
        "type": "Polygon",
        "coordinates": [
          [
            [
              5.5778384,
              7.1643232
            ],
            [
              5.5778275,
              7.1642132
            ],
            [
              5.5781471,
              7.1641827
            ],
            [
              5.5781579,
              7.1642815
            ],
            [
              5.5778384,
              7.1643232
            ]
          ]
        ]
      },
      "id": "way/1496188489"
    },
    {
      "type": "Feature",
      "properties": {
        "@id": "way/1496188490",
        "building": "Residential",
        "name": "Staff Quarters Block H"
      },
      "geometry": {
        "type": "Polygon",
        "coordinates": [
          [
            [
              5.5779542,
              7.1646764
            ],
            [
              5.577941,
              7.164603
            ],
            [
              5.5782072,
              7.1645558
            ],
            [
              5.5782204,
              7.1646291
            ],
            [
              5.5779542,
              7.1646764
            ]
          ]
        ]
      },
      "id": "way/1496188490"
    },
    {
      "type": "Feature",
      "properties": {
        "@id": "way/1496188491",
        "building": "Residential",
        "name": "Staff Quarters Block G"
      },
      "geometry": {
        "type": "Polygon",
        "coordinates": [
          [
            [
              5.5779203,
              7.1643956
            ],
            [
              5.5779128,
              7.1643261
            ],
            [
              5.5781647,
              7.1642995
            ],
            [
              5.5781721,
              7.1643689
            ],
            [
              5.5779203,
              7.1643956
            ]
          ]
        ]
      },
      "id": "way/1496188491"
    },
    {
      "type": "Feature",
      "properties": {
        "@id": "way/1496188495",
        "building": "Residential",
        "name": "Staff Quarters Block I"
      },
      "geometry": {
        "type": "Polygon",
        "coordinates": [
          [
            [
              5.5777683,
              7.1647652
            ],
            [
              5.5777481,
              7.1646208
            ],
            [
              5.577883,
              7.1646023
            ],
            [
              5.5779032,
              7.1647467
            ],
            [
              5.5777683,
              7.1647652
            ]
          ]
        ]
      },
      "id": "way/1496188495"
    },
    {
      "type": "Feature",
      "properties": {
        "@id": "way/1496527079",
        "building": "Residential",
        "building:levels": "2",
        "name": "MBBS Female Hostel"
      },
      "geometry": {
        "type": "Polygon",
        "coordinates": [
          [
            [
              5.5822845,
              7.1660762
            ],
            [
              5.5823102,
              7.1657851
            ],
            [
              5.5825036,
              7.1658065
            ],
            [
              5.5824826,
              7.1661022
            ],
            [
              5.5822845,
              7.1660762
            ]
          ]
        ]
      },
      "id": "way/1496527079"
    },
    {
      "type": "Feature",
      "properties": {
        "@id": "way/1496527080",
        "building": "Residential",
        "building:levels": "2",
        "name": "MBBS Male Hostel"
      },
      "geometry": {
        "type": "Polygon",
        "coordinates": [
          [
            [
              5.5820009,
              7.1660381
            ],
            [
              5.5820418,
              7.165758
            ],
            [
              5.5822723,
              7.1657912
            ],
            [
              5.5822314,
              7.1660712
            ],
            [
              5.5820009,
              7.1660381
            ]
          ]
        ]
      },
      "id": "way/1496527080"
    },
    {
      "type": "Feature",
      "properties": {
        "@id": "way/1496527081",
        "building": "Uncompleted",
        "name": "Uncompleted Hostel"
      },
      "geometry": {
        "type": "Polygon",
        "coordinates": [
          [
            [
              5.5822273,
              7.1656429
            ],
            [
              5.5822604,
              7.165319
            ],
            [
              5.582492,
              7.1653422
            ],
            [
              5.5824589,
              7.1656662
            ],
            [
              5.5822273,
              7.1656429
            ]
          ]
        ]
      },
      "id": "way/1496527081"
    },
    {
      "type": "Feature",
      "properties": {
        "@id": "way/1496527083",
        "building": "Uncompleted",
        "name": "Uncompleted Hostel"
      },
      "geometry": {
        "type": "Polygon",
        "coordinates": [
          [
            [
              5.5820186,
              7.1656265
            ],
            [
              5.5820516,
              7.1653002
            ],
            [
              5.5822178,
              7.1653167
            ],
            [
              5.582185,
              7.165643
            ],
            [
              5.5820186,
              7.1656265
            ]
          ]
        ]
      },
      "id": "way/1496527083"
    },
    {
      "type": "Feature",
      "properties": {
        "@id": "way/1496527085",
        "building": "Educational"
      },
      "geometry": {
        "type": "Polygon",
        "coordinates": [
          [
            [
              5.5825162,
              7.1667187
            ],
            [
              5.5825196,
              7.1666851
            ],
            [
              5.5825685,
              7.16669
            ],
            [
              5.5825651,
              7.1667235
            ],
            [
              5.5825162,
              7.1667187
            ]
          ]
        ]
      },
      "id": "way/1496527085"
    },
    {
      "type": "Feature",
      "properties": {
        "@id": "way/1496527097",
        "building": "Uncompleted",
        "name": "Uncompleted Building 1"
      },
      "geometry": {
        "type": "Polygon",
        "coordinates": [
          [
            [
              5.58401,
              7.1664452
            ],
            [
              5.5841772,
              7.1661609
            ],
            [
              5.5846189,
              7.1665183
            ],
            [
              5.584458,
              7.1668222
            ],
            [
              5.58401,
              7.1664452
            ]
          ]
        ]
      },
      "id": "way/1496527097"
    },
    {
      "type": "Feature",
      "properties": {
        "@id": "way/1496527098",
        "building": "yes",
        "man_made": "tower",
        "tower:type": "communication"
      },
      "geometry": {
        "type": "Polygon",
        "coordinates": [
          [
            [
              5.5841336,
              7.1672254
            ],
            [
              5.584147,
              7.1671077
            ],
            [
              5.5842681,
              7.1671222
            ],
            [
              5.5842559,
              7.1672411
            ],
            [
              5.5841336,
              7.1672254
            ]
          ]
        ]
      },
      "id": "way/1496527098"
    },
    {
      "type": "Feature",
      "properties": {
        "@id": "way/1496527099",
        "building": "Uncompleted",
        "name": "Uncompleted Building 2"
      },
      "geometry": {
        "type": "Polygon",
        "coordinates": [
          [
            [
              5.584558,
              7.1668142
            ],
            [
              5.5846678,
              7.1665793
            ],
            [
              5.585003,
              7.1667335
            ],
            [
              5.5848932,
              7.1669684
            ],
            [
              5.584558,
              7.1668142
            ]
          ]
        ]
      },
      "id": "way/1496527099"
    },
    {
      "type": "Feature",
      "properties": {
        "@id": "way/1496527100",
        "building": "Educational"
      },
      "geometry": {
        "type": "Polygon",
        "coordinates": [
          [
            [
              5.5840667,
              7.1677894
            ],
            [
              5.5841127,
              7.167412
            ],
            [
              5.5842222,
              7.1674251
            ],
            [
              5.5841764,
              7.1678026
            ],
            [
              5.5840667,
              7.1677894
            ]
          ]
        ]
      },
      "id": "way/1496527100"
    },
    {
      "type": "Feature",
      "properties": {
        "@id": "way/1496527102",
        "building": "Educational"
      },
      "geometry": {
        "type": "Polygon",
        "coordinates": [
          [
            [
              5.5804934,
              7.1662628
            ],
            [
              5.5805924,
              7.1661119
            ],
            [
              5.5807219,
              7.1661955
            ],
            [
              5.5806229,
              7.1663464
            ],
            [
              5.5804934,
              7.1662628
            ]
          ]
        ]
      },
      "id": "way/1496527102"
    },
    {
      "type": "Feature",
      "properties": {
        "@id": "way/1496527103",
        "building": "Educational"
      },
      "geometry": {
        "type": "Polygon",
        "coordinates": [
          [
            [
              5.5806209,
              7.166509
            ],
            [
              5.580687,
              7.1664249
            ],
            [
              5.5807792,
              7.1664963
            ],
            [
              5.5807131,
              7.1665804
            ],
            [
              5.5806209,
              7.166509
            ]
          ]
        ]
      },
      "id": "way/1496527103"
    },
    {
      "type": "Feature",
      "properties": {
        "@id": "way/1496527104",
        "amenity": "fast_food",
        "building": "Store",
        "fast_food": "cafeteria",
        "name": "amazing grace store"
      },
      "geometry": {
        "type": "Polygon",
        "coordinates": [
          [
            [
              5.5833675,
              7.1668217
            ],
            [
              5.5833738,
              7.1667522
            ],
            [
              5.5834437,
              7.1667584
            ],
            [
              5.5834374,
              7.1668279
            ],
            [
              5.5833675,
              7.1668217
            ]
          ]
        ]
      },
      "id": "way/1496527104"
    },
    {
      "type": "Feature",
      "properties": {
        "@id": "way/1496527105",
        "amenity": "fast_food",
        "building": "Food",
        "fast_food": "cafeteria",
        "name": "iya ibeji food canteen"
      },
      "geometry": {
        "type": "Polygon",
        "coordinates": [
          [
            [
              5.5833071,
              7.1668145
            ],
            [
              5.5833128,
              7.1667458
            ],
            [
              5.5833738,
              7.1667522
            ],
            [
              5.5833675,
              7.1668217
            ],
            [
              5.5833071,
              7.1668145
            ]
          ]
        ]
      },
      "id": "way/1496527105"
    },
    {
      "type": "Feature",
      "properties": {
        "@id": "way/1496527109",
        "amenity": "parking"
      },
      "geometry": {
        "type": "Polygon",
        "coordinates": [
          [
            [
              5.5824995,
              7.1675113
            ],
            [
              5.5825631,
              7.1672494
            ],
            [
              5.5826143,
              7.1672617
            ],
            [
              5.582673,
              7.1672757
            ],
            [
              5.5826094,
              7.1675376
            ],
            [
              5.5825471,
              7.1675227
            ],
            [
              5.5824995,
              7.1675113
            ]
          ]
        ]
      },
      "id": "way/1496527109"
    },
    {
      "type": "Feature",
      "properties": {
        "@id": "way/1502860969",
        "building": "Residential",
        "name": "Staff Quarters Block B"
      },
      "geometry": {
        "type": "Polygon",
        "coordinates": [
          [
            [
              5.5775412,
              7.1635972
            ],
            [
              5.5775197,
              7.1634074
            ],
            [
              5.5777522,
              7.1633814
            ],
            [
              5.5777737,
              7.1635712
            ],
            [
              5.5775412,
              7.1635972
            ]
          ]
        ]
      },
      "id": "way/1502860969"
    },
    {
      "type": "Feature",
      "properties": {
        "@id": "way/1502860970",
        "building": "Residential",
        "name": "Staff Quarters Block D"
      },
      "geometry": {
        "type": "Polygon",
        "coordinates": [
          [
            [
              5.5775914,
              7.1638672
            ],
            [
              5.5775699,
              7.1636774
            ],
            [
              5.5778024,
              7.1636514
            ],
            [
              5.5778239,
              7.1638412
            ],
            [
              5.5775914,
              7.1638672
            ]
          ]
        ]
      },
      "id": "way/1502860970"
    },
    {
      "type": "Feature",
      "properties": {
        "@id": "way/1502860971",
        "building": "Educational",
        "name": "Engineering Foundry Shop"
      },
      "geometry": {
        "type": "Polygon",
        "coordinates": [
          [
            [
              5.584636,
              7.1648897
            ],
            [
              5.5846596,
              7.1648482
            ],
            [
              5.5847407,
              7.1648937
            ],
            [
              5.5847171,
              7.1649352
            ],
            [
              5.5846778,
              7.1649131
            ],
            [
              5.584636,
              7.1648897
            ]
          ]
        ]
      },
      "id": "way/1502860971"
    },
    {
      "type": "Feature",
      "properties": {
        "@id": "way/378229083",
        "highway": "secondary",
        "source": "Bing",
        "type": "Secondary"
      },
      "geometry": {
        "type": "LineString",
        "coordinates": [
          [
            5.5857359,
            7.1962554
          ],
          [
            5.5856438,
            7.1960948
          ],
          [
            5.5855702,
            7.1959378
          ],
          [
            5.5855232,
            7.1958207
          ],
          [
            5.5854978,
            7.1957143
          ],
          [
            5.5854817,
            7.1955945
          ],
          [
            5.585473,
            7.1953078
          ],
          [
            5.5854642,
            7.1942979
          ],
          [
            5.5854522,
            7.1941888
          ],
          [
            5.5854257,
            7.1940588
          ],
          [
            5.5853979,
            7.193928
          ],
          [
            5.5852618,
            7.1932422
          ],
          [
            5.5851947,
            7.1928523
          ],
          [
            5.5851491,
            7.1925024
          ],
          [
            5.5851303,
            7.1922908
          ],
          [
            5.5851182,
            7.192018
          ],
          [
            5.5851222,
            7.1919382
          ],
          [
            5.5851316,
            7.1918657
          ],
          [
            5.5851705,
            7.1916488
          ],
          [
            5.5852597,
            7.1910993
          ],
          [
            5.5853248,
            7.1906935
          ],
          [
            5.5853797,
            7.1903894
          ],
          [
            5.5854066,
            7.1902777
          ],
          [
            5.5854428,
            7.1901506
          ],
          [
            5.5856844,
            7.1893326
          ],
          [
            5.5857196,
            7.1892097
          ],
          [
            5.5857479,
            7.1891008
          ],
          [
            5.5857714,
            7.1889764
          ],
          [
            5.5857915,
            7.1888154
          ],
          [
            5.5857935,
            7.1887129
          ],
          [
            5.585773,
            7.1882304
          ],
          [
            5.5857526,
            7.1878787
          ],
          [
            5.585762,
            7.1876006
          ],
          [
            5.5857888,
            7.1873584
          ],
          [
            5.5858277,
            7.1871602
          ],
          [
            5.5858813,
            7.1869659
          ],
          [
            5.5859672,
            7.1866877
          ],
          [
            5.5860695,
            7.1863781
          ],
          [
            5.5861784,
            7.1860813
          ],
          [
            5.5862407,
            7.1858855
          ],
          [
            5.5863386,
            7.1855218
          ],
          [
            5.5864017,
            7.1852056
          ],
          [
            5.5864218,
            7.1850805
          ],
          [
            5.5864687,
            7.184829
          ],
          [
            5.5865344,
            7.1845842
          ],
          [
            5.5865921,
            7.1843833
          ],
          [
            5.5866632,
            7.1841584
          ],
          [
            5.5867423,
            7.1839854
          ],
          [
            5.5869529,
            7.1836687
          ],
          [
            5.5870467,
            7.1835237
          ],
          [
            5.5871272,
            7.183396
          ],
          [
            5.5872063,
            7.1832336
          ],
          [
            5.5872573,
            7.1830899
          ],
          [
            5.5872989,
            7.1829116
          ],
          [
            5.5873016,
            7.1827333
          ],
          [
            5.5872881,
            7.1825644
          ],
          [
            5.5871474,
            7.1818487
          ],
          [
            5.5871031,
            7.1816157
          ],
          [
            5.5870534,
            7.1812511
          ],
          [
            5.587047,
            7.1809247
          ],
          [
            5.5870615,
            7.1806337
          ],
          [
            5.5871151,
            7.1803543
          ],
          [
            5.5872238,
            7.1800828
          ],
          [
            5.5873522,
            7.179835
          ],
          [
            5.5873632,
            7.179806
          ],
          [
            5.5875014,
            7.179524
          ],
          [
            5.5876234,
            7.1791847
          ],
          [
            5.5877146,
            7.1789691
          ],
          [
            5.5877857,
            7.1787429
          ],
          [
            5.5878326,
            7.178538
          ],
          [
            5.5878621,
            7.178204
          ],
          [
            5.5878782,
            7.1777609
          ],
          [
            5.5878796,
            7.1771835
          ],
          [
            5.587904,
            7.1768937
          ],
          [
            5.5879211,
            7.1766911
          ],
          [
            5.5879734,
            7.176195
          ],
          [
            5.5880218,
            7.1757318
          ],
          [
            5.5880243,
            7.1756547
          ],
          [
            5.5880298,
            7.1755628
          ],
          [
            5.5880311,
            7.1753885
          ],
          [
            5.5880245,
            7.1749494
          ],
          [
            5.5879815,
            7.1743786
          ],
          [
            5.5879674,
            7.17403
          ],
          [
            5.5879695,
            7.1738271
          ],
          [
            5.5879819,
            7.1737347
          ],
          [
            5.5879996,
            7.1736028
          ],
          [
            5.5880432,
            7.1734379
          ],
          [
            5.5886801,
            7.171475
          ],
          [
            5.5887848,
            7.1711199
          ],
          [
            5.5889833,
            7.1704399
          ],
          [
            5.5890611,
            7.1701845
          ],
          [
            5.5891804,
            7.1699609
          ],
          [
            5.5893823,
            7.1697021
          ],
          [
            5.5895796,
            7.1695293
          ],
          [
            5.5896954,
            7.1694354
          ],
          [
            5.5898031,
            7.1693379
          ],
          [
            5.5900414,
            7.1691133
          ],
          [
            5.590431,
            7.1687664
          ],
          [
            5.5911438,
            7.1681513
          ],
          [
            5.5915891,
            7.1677548
          ],
          [
            5.5919589,
            7.167378
          ],
          [
            5.5920027,
            7.1673247
          ],
          [
            5.5922127,
            7.1670548
          ],
          [
            5.5923334,
            7.1668379
          ],
          [
            5.592506,
            7.1664445
          ],
          [
            5.5927498,
            7.1659097
          ],
          [
            5.5927719,
            7.1658665
          ],
          [
            5.593031,
            7.165353
          ],
          [
            5.5932091,
            7.1650227
          ],
          [
            5.593417,
            7.1646744
          ],
          [
            5.5937305,
            7.1642485
          ],
          [
            5.594168,
            7.1636724
          ],
          [
            5.5947771,
            7.1629461
          ],
          [
            5.5950627,
            7.1626173
          ],
          [
            5.595206,
            7.1624269
          ],
          [
            5.5954353,
            7.1620823
          ],
          [
            5.5956119,
            7.1617903
          ],
          [
            5.5956446,
            7.1617363
          ],
          [
            5.5957653,
            7.1615289
          ],
          [
            5.5958808,
            7.1613304
          ],
          [
            5.5959892,
            7.1611561
          ],
          [
            5.5961059,
            7.1609938
          ],
          [
            5.5962521,
            7.1608647
          ],
          [
            5.5965257,
            7.1607077
          ],
          [
            5.5969262,
            7.1605221
          ],
          [
            5.5969548,
            7.1605081
          ],
          [
            5.5971694,
            7.160403
          ],
          [
            5.5973344,
            7.1603112
          ],
          [
            5.5975382,
            7.1601196
          ],
          [
            5.5976871,
            7.1599426
          ],
          [
            5.5977675,
            7.1597563
          ],
          [
            5.597848,
            7.1593744
          ],
          [
            5.5978855,
            7.1591123
          ],
          [
            5.5978963,
            7.1587783
          ],
          [
            5.5978641,
            7.1584909
          ],
          [
            5.5978265,
            7.1583006
          ],
          [
            5.597734,
            7.1579905
          ],
          [
            5.597451,
            7.1571722
          ],
          [
            5.5969293,
            7.155767
          ],
          [
            5.5965283,
            7.1547743
          ],
          [
            5.5964385,
            7.1545295
          ],
          [
            5.5963835,
            7.1543831
          ],
          [
            5.59635,
            7.1541995
          ],
          [
            5.5963165,
            7.1538855
          ],
          [
            5.5963218,
            7.1535155
          ],
          [
            5.5963366,
            7.153284
          ],
          [
            5.5963808,
            7.1530139
          ],
          [
            5.5965163,
            7.1524616
          ],
          [
            5.5967161,
            7.1517444
          ],
          [
            5.5967765,
            7.1515315
          ],
          [
            5.596814,
            7.1513559
          ],
          [
            5.5968368,
            7.1511403
          ],
          [
            5.5968207,
            7.1507743
          ],
          [
            5.5966866,
            7.1494902
          ],
          [
            5.5966115,
            7.1487131
          ],
          [
            5.5965525,
            7.1480784
          ],
          [
            5.5964023,
            7.1468236
          ],
          [
            5.5963151,
            7.1458788
          ],
          [
            5.5962802,
            7.145244
          ],
          [
            5.5962642,
            7.1446239
          ],
          [
            5.5962494,
            7.1441981
          ],
          [
            5.5962762,
            7.1435487
          ],
          [
            5.5963084,
            7.1431389
          ],
          [
            5.5963634,
            7.1428395
          ],
          [
            5.5964868,
            7.1425321
          ],
          [
            5.5976777,
            7.1401275
          ],
          [
            5.5978815,
            7.1396857
          ],
          [
            5.5980264,
            7.1393158
          ],
          [
            5.5980988,
            7.1390776
          ],
          [
            5.598131,
            7.1388008
          ],
          [
            5.598135,
            7.1382925
          ],
          [
            5.5981337,
            7.1373916
          ],
          [
            5.598139,
            7.137164
          ],
          [
            5.5981873,
            7.1367422
          ],
          [
            5.5982396,
            7.1363949
          ],
          [
            5.5983227,
            7.1360329
          ],
          [
            5.5985655,
            7.1350429
          ],
          [
            5.5988699,
            7.1338851
          ],
          [
            5.598941,
            7.1335844
          ],
          [
            5.5990094,
            7.1333741
          ],
          [
            5.5991462,
            7.1330095
          ],
          [
            5.599512,
            7.1322048
          ],
          [
            5.5996706,
            7.1318558
          ],
          [
            5.5998006,
            7.1315431
          ],
          [
            5.599869,
            7.1313568
          ],
          [
            5.5999696,
            7.1310507
          ],
          [
            5.600097,
            7.1305463
          ],
          [
            5.6007877,
            7.1273007
          ],
          [
            5.6011144,
            7.125639
          ],
          [
            5.6011713,
            7.1253498
          ],
          [
            5.6012034,
            7.1251795
          ],
          [
            5.601241,
            7.1249426
          ],
          [
            5.6012437,
            7.1246285
          ],
          [
            5.6011713,
            7.1238407
          ],
          [
            5.601123,
            7.1231221
          ],
          [
            5.6011212,
            7.1230958
          ],
          [
            5.6010613,
            7.1222438
          ],
          [
            5.6010103,
            7.1215997
          ],
          [
            5.6009191,
            7.1207055
          ],
          [
            5.6008038,
            7.1199443
          ],
          [
            5.6006563,
            7.1191591
          ],
          [
            5.6005691,
            7.1187665
          ],
          [
            5.600372,
            7.1178789
          ],
          [
            5.6002727,
            7.1172588
          ],
          [
            5.6002218,
            7.1168782
          ],
          [
            5.6001922,
            7.1162501
          ],
          [
            5.6001735,
            7.1156326
          ],
          [
            5.6001708,
            7.1153797
          ],
          [
            5.6001842,
            7.1151269
          ],
          [
            5.6001976,
            7.1148261
          ],
          [
            5.6002378,
            7.11419
          ],
          [
            5.6003559,
            7.112955
          ],
          [
            5.6003802,
            7.1126214
          ],
          [
            5.6005007,
            7.1109669
          ],
          [
            5.6005302,
            7.1108178
          ],
          [
            5.6005758,
            7.1106182
          ],
          [
            5.6005973,
            7.110368
          ],
          [
            5.6005758,
            7.110195
          ],
          [
            5.6005731,
            7.1100965
          ],
          [
            5.6005973,
            7.1099155
          ],
          [
            5.6007124,
            7.10951
          ],
          [
            5.6007287,
            7.1094524
          ],
          [
            5.600808,
            7.1092608
          ],
          [
            5.6008826,
            7.1091138
          ],
          [
            5.601292,
            7.108614
          ],
          [
            5.6015226,
            7.1083638
          ],
          [
            5.6016782,
            7.1081376
          ],
          [
            5.6023729,
            7.1067536
          ],
          [
            5.6031641,
            7.1050714
          ],
          [
            5.6039607,
            7.1034478
          ],
          [
            5.6046233,
            7.1019387
          ],
          [
            5.6047386,
            7.1016193
          ],
          [
            5.6051074,
            7.1004641
          ],
          [
            5.6051959,
            7.100166
          ],
          [
            5.6053139,
            7.0997229
          ],
          [
            5.6054279,
            7.0993436
          ],
          [
            5.6054977,
            7.099132
          ],
          [
            5.605609,
            7.0987447
          ],
          [
            5.60568,
            7.0985265
          ],
          [
            5.6057578,
            7.0983189
          ],
          [
            5.6058678,
            7.0981113
          ],
          [
            5.6060019,
            7.0978996
          ],
          [
            5.6062286,
            7.0976095
          ],
          [
            5.6064096,
            7.097374
          ],
          [
            5.606482,
            7.0972994
          ],
          [
            5.6067422,
            7.096996
          ],
          [
            5.6074074,
            7.0961682
          ],
          [
            5.6076971,
            7.0958209
          ],
          [
            5.6079854,
            7.0954389
          ],
          [
            5.6082188,
            7.0951355
          ],
          [
            5.6089939,
            7.094176
          ],
          [
            5.6093077,
            7.0937501
          ],
          [
            5.6094284,
            7.0935398
          ],
          [
            5.6095317,
            7.0933043
          ],
          [
            5.6095934,
            7.0930754
          ],
          [
            5.6096376,
            7.0928797
          ],
          [
            5.6096993,
            7.0925377
          ],
          [
            5.6097798,
            7.0917512
          ],
          [
            5.6098509,
            7.091127
          ],
          [
            5.6099367,
            7.0903338
          ],
          [
            5.6100078,
            7.0897722
          ],
          [
            5.6100675,
            7.0894655
          ],
          [
            5.6101996,
            7.0888526
          ],
          [
            5.6104343,
            7.0875963
          ],
          [
            5.6105563,
            7.0869202
          ],
          [
            5.6106301,
            7.0864291
          ],
          [
            5.6106515,
            7.0862135
          ],
          [
            5.610677,
            7.085568
          ],
          [
            5.6106985,
            7.0847083
          ],
          [
            5.6107172,
            7.0842678
          ],
          [
            5.610723,
            7.0841984
          ],
          [
            5.610736,
            7.0840402
          ],
          [
            5.610795,
            7.083625
          ],
          [
            5.6108473,
            7.0833255
          ],
          [
            5.6109372,
            7.0829595
          ],
          [
            5.6110713,
            7.0824192
          ],
          [
            5.6111236,
            7.0822302
          ],
          [
            5.6111625,
            7.0820293
          ],
          [
            5.6112161,
            7.0817325
          ],
          [
            5.6112671,
            7.0814344
          ],
          [
            5.6113052,
            7.081298
          ],
          [
            5.6113274,
            7.0812188
          ],
          [
            5.6114119,
            7.0809167
          ],
          [
            5.6115541,
            7.0804375
          ],
          [
            5.6117043,
            7.0798426
          ],
          [
            5.6118317,
            7.0793449
          ],
          [
            5.6119698,
            7.0788179
          ],
          [
            5.6120919,
            7.0783201
          ],
          [
            5.6121455,
            7.0780007
          ],
          [
            5.6121737,
            7.077656
          ],
          [
            5.6121831,
            7.0770025
          ],
          [
            5.6122085,
            7.0761055
          ],
          [
            5.6122099,
            7.0757395
          ],
          [
            5.6122166,
            7.0750621
          ],
          [
            5.612222,
            7.0746056
          ],
          [
            5.6122582,
            7.0740999
          ],
          [
            5.6122568,
            7.0737458
          ],
          [
            5.6122354,
            7.0723178
          ],
          [
            5.6122327,
            7.0715725
          ],
          [
            5.6122971,
            7.0704958
          ],
          [
            5.6123118,
            7.0703587
          ],
          [
            5.6123494,
            7.0701937
          ],
          [
            5.6123856,
            7.070002
          ],
          [
            5.6124902,
            7.0695948
          ],
          [
            5.6126457,
            7.0691156
          ],
          [
            5.612867,
            7.068337
          ],
          [
            5.6130078,
            7.0678978
          ],
          [
            5.6131178,
            7.067428
          ],
          [
            5.6131648,
            7.0671153
          ],
          [
            5.6131728,
            7.0668677
          ],
          [
            5.613142,
            7.0664059
          ],
          [
            5.6130226,
            7.0656379
          ],
          [
            5.6128442,
            7.0647303
          ],
          [
            5.6126833,
            7.0638638
          ],
          [
            5.6126659,
            7.0635883
          ],
          [
            5.6126649,
            7.0634287
          ],
          [
            5.6126632,
            7.0631331
          ],
          [
            5.6126471,
            7.0624251
          ],
          [
            5.6125787,
            7.0606896
          ],
          [
            5.6125545,
            7.059915
          ],
          [
            5.6125532,
            7.0598071
          ],
          [
            5.6125545,
            7.0596461
          ],
          [
            5.6125586,
            7.0596241
          ],
          [
            5.6125921,
            7.0592868
          ],
          [
            5.6126759,
            7.0588203
          ],
          [
            5.6127094,
            7.0586705
          ],
          [
            5.6127644,
            7.0584968
          ],
          [
            5.6128704,
            7.0581861
          ],
          [
            5.6130407,
            7.0577828
          ],
          [
            5.6131299,
            7.0575539
          ],
          [
            5.6132459,
            7.0573383
          ],
          [
            5.6133894,
            7.0571113
          ],
          [
            5.6135845,
            7.0568218
          ],
          [
            5.6141578,
            7.056197
          ],
          [
            5.6143811,
            7.0559887
          ],
          [
            5.614587,
            7.0557731
          ],
          [
            5.6150939,
            7.055266
          ],
          [
            5.6155613,
            7.0547615
          ],
          [
            5.6156498,
            7.0546111
          ],
          [
            5.6157115,
            7.0545047
          ],
          [
            5.6157437,
            7.0544355
          ],
          [
            5.6164464,
            7.0531032
          ],
          [
            5.6167663,
            7.0525801
          ],
          [
            5.6168394,
            7.0523805
          ],
          [
            5.6168783,
            7.0522687
          ],
          [
            5.6168903,
            7.0521196
          ],
          [
            5.6168541,
            7.0501125
          ],
          [
            5.6168072,
            7.0489599
          ],
          [
            5.616771,
            7.0486072
          ],
          [
            5.6166838,
            7.0481254
          ],
          [
            5.6166445,
            7.0479445
          ],
          [
            5.6165551,
            7.0475331
          ],
          [
            5.6163821,
            7.0469621
          ],
          [
            5.6157584,
            7.0443228
          ],
          [
            5.6156377,
            7.0438157
          ],
          [
            5.6151281,
            7.0420854
          ],
          [
            5.6145032,
            7.0401421
          ],
          [
            5.6143959,
            7.0396137
          ],
          [
            5.6142028,
            7.0388311
          ],
          [
            5.6139466,
            7.0375041
          ],
          [
            5.613952,
            7.0373011
          ],
          [
            5.6139527,
            7.0370076
          ],
          [
            5.6139674,
            7.0369171
          ],
          [
            5.6139982,
            7.03683
          ],
          [
            5.6142068,
            7.0363914
          ],
          [
            5.6147835,
            7.0353139
          ],
          [
            5.6148116,
            7.0352347
          ],
          [
            5.6148284,
            7.0351323
          ],
          [
            5.6148525,
            7.0349672
          ],
          [
            5.6148612,
            7.0347043
          ],
          [
            5.6148599,
            7.0345266
          ],
          [
            5.6147647,
            7.0337706
          ],
          [
            5.6147191,
            7.0331158
          ],
          [
            5.6146963,
            7.0329095
          ],
          [
            5.6145863,
            7.0324157
          ],
          [
            5.614534,
            7.032236
          ],
          [
            5.6145166,
            7.0321934
          ],
          [
            5.6142443,
            7.031645
          ],
          [
            5.6141625,
            7.0314201
          ],
          [
            5.6140968,
            7.031239
          ],
          [
            5.6139413,
            7.0308866
          ],
          [
            5.6139138,
            7.030662
          ],
          [
            5.6139097,
            7.0305396
          ],
          [
            5.6139164,
            7.0304198
          ],
          [
            5.613952,
            7.0302661
          ],
          [
            5.6140056,
            7.0301083
          ],
          [
            5.614121,
            7.0298601
          ],
          [
            5.6147996,
            7.0287926
          ],
          [
            5.6151482,
            7.028179
          ],
          [
            5.6154862,
            7.0276306
          ],
          [
            5.6158014,
            7.0271069
          ],
          [
            5.6158453,
            7.0270197
          ],
          [
            5.615961,
            7.0267468
          ],
          [
            5.6160763,
            7.026478
          ],
          [
            5.61618,
            7.0263243
          ],
          [
            5.6164786,
            7.0258817
          ],
          [
            5.6165054,
            7.0258457
          ],
          [
            5.6167307,
            7.0254491
          ],
          [
            5.6169346,
            7.0250777
          ],
          [
            5.617066,
            7.0248621
          ],
          [
            5.61729,
            7.024331
          ],
          [
            5.6173865,
            7.0240701
          ],
          [
            5.6174214,
            7.023953
          ],
          [
            5.6174536,
            7.0238052
          ],
          [
            5.617467,
            7.0236415
          ],
          [
            5.6174697,
            7.0235084
          ],
          [
            5.6174737,
            7.0232302
          ],
          [
            5.6174831,
            7.0230745
          ],
          [
            5.6175421,
            7.0225581
          ],
          [
            5.61764,
            7.0219058
          ],
          [
            5.6177567,
            7.0212377
          ],
          [
            5.6177916,
            7.0210207
          ],
          [
            5.6178197,
            7.020853
          ],
          [
            5.6179257,
            7.0203911
          ],
          [
            5.6180947,
            7.0193822
          ],
          [
            5.6181858,
            7.0189403
          ],
          [
            5.6182824,
            7.0186195
          ],
          [
            5.618387,
            7.0183014
          ],
          [
            5.6184554,
            7.0180698
          ],
          [
            5.6185694,
            7.0178248
          ],
          [
            5.618725,
            7.0174721
          ],
          [
            5.618796,
            7.0172525
          ],
          [
            5.6188899,
            7.0170249
          ],
          [
            5.6189798,
            7.0168305
          ],
          [
            5.6190281,
            7.0167427
          ],
          [
            5.619075,
            7.0166642
          ],
          [
            5.6192239,
            7.0164552
          ],
          [
            5.6196168,
            7.0160372
          ],
          [
            5.619936,
            7.0156925
          ],
          [
            5.6200258,
            7.015594
          ],
          [
            5.6200969,
            7.0154902
          ],
          [
            5.6201988,
            7.0153171
          ],
          [
            5.6202659,
            7.0152053
          ],
          [
            5.6203797,
            7.0150854
          ],
          [
            5.6204912,
            7.0149817
          ],
          [
            5.6205612,
            7.0149175
          ],
          [
            5.6206904,
            7.0147261
          ],
          [
            5.6207407,
            7.0146243
          ],
          [
            5.6207936,
            7.0144785
          ],
          [
            5.6209968,
            7.0138523
          ],
          [
            5.6210706,
            7.0137032
          ],
          [
            5.6211229,
            7.013604
          ],
          [
            5.6211524,
            7.0135614
          ],
          [
            5.6219606,
            7.0122497
          ],
          [
            5.622001,
            7.0119676
          ],
          [
            5.621945,
            7.0115786
          ],
          [
            5.621492,
            7.0094303
          ],
          [
            5.6214056,
            7.0084393
          ],
          [
            5.6213777,
            7.0064926
          ],
          [
            5.6214025,
            7.0060147
          ],
          [
            5.6215019,
            7.0055739
          ],
          [
            5.6217007,
            7.0052163
          ],
          [
            5.6220983,
            7.00476
          ],
          [
            5.62244,
            7.0045442
          ],
          [
            5.6235613,
            7.0040478
          ],
          [
            5.6239371,
            7.0038289
          ],
          [
            5.6240862,
            7.0037025
          ],
          [
            5.6243999,
            7.00316
          ],
          [
            5.6246111,
            7.0028517
          ],
          [
            5.6247879,
            7.0026704
          ],
          [
            5.6250119,
            7.0025264
          ],
          [
            5.6251062,
            7.0024657
          ],
          [
            5.6253648,
            7.0022898
          ],
          [
            5.625751,
            7.0021301
          ],
          [
            5.6258915,
            7.0020731
          ],
          [
            5.6262499,
            7.0019278
          ],
          [
            5.626494,
            7.0018293
          ],
          [
            5.6266281,
            7.0016961
          ],
          [
            5.6267364,
            7.0015295
          ],
          [
            5.6268695,
            7.0012649
          ],
          [
            5.6269821,
            7.0010066
          ],
          [
            5.6270921,
            7.0008123
          ],
          [
            5.6272879,
            7.0005248
          ],
          [
            5.6274489,
            7.0001654
          ],
          [
            5.6276607,
            6.9997501
          ],
          [
            5.6277734,
            6.9995078
          ],
          [
            5.6279021,
            6.9993161
          ],
          [
            5.6279719,
            6.9991404
          ],
          [
            5.6280309,
            6.9988955
          ],
          [
            5.6280577,
            6.9986745
          ],
          [
            5.628047,
            6.9983817
          ],
          [
            5.6280228,
            6.997985
          ],
          [
            5.6279987,
            6.9976016
          ],
          [
            5.6279638,
            6.9973328
          ],
          [
            5.6278673,
            6.9970692
          ],
          [
            5.6276929,
            6.9968083
          ],
          [
            5.6273657,
            6.9965155
          ],
          [
            5.6268507,
            6.9959883
          ],
          [
            5.6266227,
            6.9958126
          ],
          [
            5.6264618,
            6.9956502
          ],
          [
            5.626325,
            6.9954745
          ],
          [
            5.6261936,
            6.9952429
          ],
          [
            5.6260434,
            6.9946838
          ],
          [
            5.6259844,
            6.9943298
          ],
          [
            5.6259549,
            6.9940768
          ],
          [
            5.6259093,
            6.9938479
          ],
          [
            5.6258529,
            6.9936109
          ],
          [
            5.6257886,
            6.9934911
          ],
          [
            5.6256732,
            6.9932715
          ],
          [
            5.6255659,
            6.9930492
          ],
          [
            5.6254828,
            6.9928442
          ],
          [
            5.625342,
            6.9924329
          ],
          [
            5.6252266,
            6.9920535
          ],
          [
            5.6251395,
            6.9917221
          ],
          [
            5.6250389,
            6.9913707
          ],
          [
            5.6246002,
            6.9905608
          ],
          [
            5.6239726,
            6.9893129
          ],
          [
            5.6238169,
            6.988724
          ],
          [
            5.6237547,
            6.9882611
          ],
          [
            5.6244296,
            6.9871152
          ],
          [
            5.6244757,
            6.9863247
          ],
          [
            5.6247579,
            6.9859103
          ],
          [
            5.625008,
            6.9853153
          ],
          [
            5.6250674,
            6.9849915
          ],
          [
            5.6250751,
            6.9848308
          ],
          [
            5.6249759,
            6.9842078
          ],
          [
            5.6247126,
            6.9831927
          ],
          [
            5.6247735,
            6.9812707
          ],
          [
            5.6248777,
            6.978135
          ],
          [
            5.6248541,
            6.9774216
          ],
          [
            5.6248488,
            6.9772237
          ],
          [
            5.6248279,
            6.9767395
          ],
          [
            5.6250224,
            6.9763966
          ],
          [
            5.6250997,
            6.9761715
          ],
          [
            5.6251603,
            6.9758793
          ],
          [
            5.6251958,
            6.9752197
          ],
          [
            5.625265,
            6.974611
          ],
          [
            5.6253111,
            6.9744317
          ],
          [
            5.6254318,
            6.9742293
          ],
          [
            5.6255301,
            6.974011
          ],
          [
            5.6257661,
            6.9733203
          ],
          [
            5.6260147,
            6.9726229
          ],
          [
            5.6262364,
            6.9721883
          ],
          [
            5.6266839,
            6.9715471
          ],
          [
            5.6269969,
            6.9711662
          ],
          [
            5.6273925,
            6.9708109
          ],
          [
            5.6276276,
            6.9706096
          ],
          [
            5.6278562,
            6.9703374
          ],
          [
            5.6280564,
            6.9700042
          ],
          [
            5.6282289,
            6.9696627
          ],
          [
            5.628302,
            6.9693555
          ],
          [
            5.6284198,
            6.9683029
          ],
          [
            5.6284788,
            6.9678982
          ],
          [
            5.6285507,
            6.967323
          ],
          [
            5.6286505,
            6.9666602
          ],
          [
            5.6287725,
            6.9661684
          ],
          [
            5.6289584,
            6.9656702
          ],
          [
            5.6291011,
            6.9652942
          ],
          [
            5.6292493,
            6.9649384
          ],
          [
            5.6293497,
            6.9646966
          ],
          [
            5.6294862,
            6.9644113
          ],
          [
            5.6295705,
            6.9641336
          ],
          [
            5.6296016,
            6.9638736
          ],
          [
            5.6296107,
            6.9634839
          ],
          [
            5.6296016,
            6.9631151
          ],
          [
            5.629579,
            6.9626889
          ],
          [
            5.6295504,
            6.962584
          ],
          [
            5.6295023,
            6.9625099
          ],
          [
            5.6294149,
            6.9624323
          ],
          [
            5.6293292,
            6.9622899
          ],
          [
            5.6292281,
            6.9620512
          ],
          [
            5.6291682,
            6.9619051
          ],
          [
            5.6291561,
            6.9618053
          ],
          [
            5.6291382,
            6.9616379
          ],
          [
            5.6290316,
            6.9612272
          ],
          [
            5.6289978,
            6.9610704
          ],
          [
            5.6289656,
            6.9609
          ],
          [
            5.6288859,
            6.9605143
          ],
          [
            5.6288235,
            6.9601972
          ],
          [
            5.6287846,
            6.9600041
          ],
          [
            5.6287283,
            6.9598485
          ],
          [
            5.6286076,
            6.9595741
          ],
          [
            5.6285673,
            6.9594796
          ],
          [
            5.6285365,
            6.9593971
          ],
          [
            5.628519,
            6.9593087
          ],
          [
            5.6284547,
            6.9589791
          ],
          [
            5.6283777,
            6.9586516
          ],
          [
            5.6282951,
            6.9582589
          ],
          [
            5.6282432,
            6.9578161
          ],
          [
            5.6282052,
            6.9574735
          ],
          [
            5.6281945,
            6.9571167
          ],
          [
            5.6281593,
            6.9563984
          ],
          [
            5.6281409,
            6.9561236
          ],
          [
            5.6281342,
            6.9558307
          ],
          [
            5.6281328,
            6.9556257
          ],
          [
            5.6281124,
            6.955424
          ],
          [
            5.6280483,
            6.9550786
          ],
          [
            5.6280014,
            6.9548283
          ],
          [
            5.6279533,
            6.9545957
          ],
          [
            5.627874,
            6.9543224
          ],
          [
            5.6278023,
            6.9540816
          ],
          [
            5.6276768,
            6.9536821
          ],
          [
            5.6275774,
            6.9533379
          ],
          [
            5.627524,
            6.953091
          ],
          [
            5.6274744,
            6.9527362
          ],
          [
            5.6274615,
            6.9522406
          ],
          [
            5.627422,
            6.9516773
          ],
          [
            5.6273941,
            6.9511352
          ],
          [
            5.62741,
            6.95076
          ],
          [
            5.6274072,
            6.9503583
          ],
          [
            5.6274039,
            6.9501028
          ],
          [
            5.6274207,
            6.9498774
          ],
          [
            5.6274594,
            6.9496646
          ],
          [
            5.6274757,
            6.949474
          ],
          [
            5.6274858,
            6.9493196
          ],
          [
            5.6274582,
            6.9491133
          ],
          [
            5.6274448,
            6.9489895
          ],
          [
            5.6274247,
            6.9488297
          ],
          [
            5.6273955,
            6.9486429
          ],
          [
            5.6273717,
            6.9484197
          ],
          [
            5.6273312,
            6.9478113
          ],
          [
            5.6272973,
            6.9474653
          ],
          [
            5.6272513,
            6.9471372
          ],
          [
            5.6272048,
            6.9469713
          ],
          [
            5.6271428,
            6.9468105
          ],
          [
            5.6270385,
            6.9466198
          ],
          [
            5.6269477,
            6.9464588
          ],
          [
            5.6268106,
            6.9462211
          ],
          [
            5.6265543,
            6.9457731
          ],
          [
            5.6263393,
            6.9453669
          ],
          [
            5.6260461,
            6.94482
          ],
          [
            5.6258368,
            6.9444312
          ],
          [
            5.6256146,
            6.9439822
          ],
          [
            5.62522,
            6.9432464
          ],
          [
            5.6250563,
            6.9429668
          ],
          [
            5.6249196,
            6.9427227
          ],
          [
            5.6245953,
            6.9422847
          ],
          [
            5.6243124,
            6.9416371
          ],
          [
            5.6242219,
            6.9412215
          ],
          [
            5.6240409,
            6.9409557
          ],
          [
            5.6234714,
            6.9403418
          ],
          [
            5.6233244,
            6.9401134
          ],
          [
            5.6232037,
            6.9395556
          ],
          [
            5.6231999,
            6.9391064
          ],
          [
            5.6231622,
            6.9389641
          ],
          [
            5.622902,
            6.938616
          ],
          [
            5.6227827,
            6.9383083
          ],
          [
            5.622589,
            6.9378336
          ],
          [
            5.622144,
            6.9370362
          ],
          [
            5.6216085,
            6.9363212
          ],
          [
            5.6212087,
            6.9356061
          ],
          [
            5.6208553,
            6.9346284
          ],
          [
            5.6205084,
            6.9338198
          ],
          [
            5.6203311,
            6.9328877
          ],
          [
            5.6202519,
            6.9324197
          ],
          [
            5.6200558,
            6.9319218
          ],
          [
            5.619822,
            6.9312404
          ],
          [
            5.619739,
            6.9305366
          ],
          [
            5.6198107,
            6.929889
          ],
          [
            5.6199691,
            6.9293087
          ],
          [
            5.6200822,
            6.9290017
          ],
          [
            5.6202406,
            6.9282006
          ],
          [
            5.6206328,
            6.9274893
          ],
          [
            5.6209492,
            6.9268319
          ],
          [
            5.6210989,
            6.9265701
          ],
          [
            5.6211872,
            6.9264588
          ],
          [
            5.6212999,
            6.9263283
          ],
          [
            5.6219101,
            6.9257101
          ],
          [
            5.6221861,
            6.9253907
          ],
          [
            5.6222444,
            6.9252891
          ],
          [
            5.6223191,
            6.9251395
          ],
          [
            5.622358,
            6.924993
          ],
          [
            5.62235,
            6.924808
          ],
          [
            5.6221783,
            6.9240225
          ],
          [
            5.6220909,
            6.9236608
          ],
          [
            5.6216955,
            6.9223077
          ],
          [
            5.6215104,
            6.9215808
          ],
          [
            5.6213441,
            6.9211681
          ],
          [
            5.6210813,
            6.9205078
          ],
          [
            5.6208131,
            6.9195998
          ],
          [
            5.6207889,
            6.9194294
          ],
          [
            5.6206951,
            6.9184149
          ],
          [
            5.6204966,
            6.9171475
          ],
          [
            5.6204483,
            6.9169291
          ],
          [
            5.6203839,
            6.9167561
          ],
          [
            5.6202981,
            6.9165271
          ],
          [
            5.619877,
            6.91588
          ],
          [
            5.6197241,
            6.915715
          ],
          [
            5.6194907,
            6.9155206
          ],
          [
            5.6190321,
            6.915209
          ],
          [
            5.6184822,
            6.9148203
          ],
          [
            5.618265,
            6.9146366
          ],
          [
            5.6181362,
            6.9144608
          ],
          [
            5.6174362,
            6.9129564
          ],
          [
            5.6172457,
            6.9123786
          ],
          [
            5.6171545,
            6.9121496
          ],
          [
            5.6170097,
            6.9118514
          ],
          [
            5.6157973,
            6.9095588
          ],
          [
            5.6152958,
            6.9088851
          ],
          [
            5.6150329,
            6.9085842
          ],
          [
            5.6148103,
            6.9083446
          ],
          [
            5.6146279,
            6.9081662
          ],
          [
            5.6143409,
            6.9079664
          ],
          [
            5.6138957,
            6.907599
          ],
          [
            5.6136999,
            6.9073833
          ],
          [
            5.6135496,
            6.9071463
          ],
          [
            5.613504,
            6.9069919
          ],
          [
            5.613488,
            6.9065099
          ],
          [
            5.6134692,
            6.9057697
          ],
          [
            5.6134263,
            6.905562
          ],
          [
            5.6133243,
            6.9051999
          ],
          [
            5.6130776,
            6.9042998
          ],
          [
            5.6130588,
            6.9040256
          ],
          [
            5.613091,
            6.9035862
          ],
          [
            5.6131983,
            6.9020471
          ],
          [
            5.6131688,
            6.9017329
          ],
          [
            5.6130776,
            6.9013016
          ],
          [
            5.6129301,
            6.901014
          ],
          [
            5.6122059,
            6.8999542
          ],
          [
            5.6117284,
            6.8992592
          ],
          [
            5.61131,
            6.898724
          ],
          [
            5.6111732,
            6.8984764
          ],
          [
            5.6110391,
            6.8982048
          ],
          [
            5.6109157,
            6.8979571
          ],
          [
            5.6108567,
            6.8977228
          ],
          [
            5.6104651,
            6.8958881
          ],
          [
            5.6103069,
            6.8955286
          ],
          [
            5.6101915,
            6.8952437
          ],
          [
            5.6100038,
            6.8948576
          ],
          [
            5.6097785,
            6.8944688
          ],
          [
            5.609411,
            6.8940588
          ],
          [
            5.6089979,
            6.8936647
          ],
          [
            5.6084803,
            6.8932839
          ],
          [
            5.6078178,
            6.8927353
          ],
          [
            5.6067261,
            6.8916462
          ],
          [
            5.6064364,
            6.8913613
          ],
          [
            5.6061816,
            6.8910471
          ],
          [
            5.6060287,
            6.8907063
          ],
          [
            5.605959,
            6.8903042
          ],
          [
            5.605908,
            6.8894521
          ],
          [
            5.6058919,
            6.888805
          ],
          [
            5.6058517,
            6.8886639
          ],
          [
            5.6057471,
            6.8883923
          ],
          [
            5.6052214,
            6.8875721
          ],
          [
            5.6051812,
            6.8874443
          ],
          [
            5.6051946,
            6.8872765
          ],
          [
            5.6053099,
            6.8865469
          ],
          [
            5.605377,
            6.8863898
          ],
          [
            5.6054574,
            6.886278
          ],
          [
            5.6064928,
            6.8852607
          ],
          [
            5.6068066,
            6.8849652
          ],
          [
            5.6069916,
            6.8847495
          ],
          [
            5.6076997,
            6.8838068
          ],
          [
            5.6078044,
            6.883695
          ],
          [
            5.6080082,
            6.8835192
          ],
          [
            5.6090006,
            6.8824514
          ],
          [
            5.6090784,
            6.8823422
          ],
          [
            5.6091401,
            6.8821851
          ],
          [
            5.609419,
            6.880835
          ],
          [
            5.6094539,
            6.8807072
          ],
          [
            5.6095344,
            6.8804516
          ],
          [
            5.6095558,
            6.8802945
          ],
          [
            5.6095666,
            6.8799802
          ],
          [
            5.6095183,
            6.8796101
          ],
          [
            5.6095102,
            6.8793065
          ],
          [
            5.609521,
            6.8780044
          ],
          [
            5.6094271,
            6.877581
          ],
          [
            5.6091911,
            6.8769445
          ],
          [
            5.6088853,
            6.87638
          ],
          [
            5.6085822,
            6.87593
          ],
          [
            5.608381,
            6.8756317
          ],
          [
            5.6080753,
            6.8752483
          ],
          [
            5.6077319,
            6.8749101
          ],
          [
            5.6066617,
            6.8737517
          ],
          [
            5.6065544,
            6.8736159
          ],
          [
            5.606415,
            6.8733736
          ],
          [
            5.606297,
            6.8731286
          ],
          [
            5.6054923,
            6.8713391
          ],
          [
            5.6053475,
            6.8710169
          ],
          [
            5.6045213,
            6.8695229
          ],
          [
            5.6039849,
            6.8685483
          ],
          [
            5.6038937,
            6.8683379
          ],
          [
            5.6037515,
            6.8679651
          ],
          [
            5.6033117,
            6.8671476
          ],
          [
            5.6031775,
            6.8668919
          ],
          [
            5.60303,
            6.8667082
          ],
          [
            5.6027162,
            6.866386
          ],
          [
            5.6014261,
            6.8650372
          ],
          [
            5.6013174,
            6.864699
          ],
          [
            5.6012665,
            6.8644939
          ],
          [
            5.6012316,
            6.8643102
          ],
          [
            5.6012115,
            6.8640971
          ],
          [
            5.6011592,
            6.8634274
          ],
          [
            5.6011042,
            6.8623223
          ],
          [
            5.6011149,
            6.8616459
          ],
          [
            5.6011444,
            6.861281
          ],
          [
            5.6012973,
            6.8602158
          ],
          [
            5.6016353,
            6.857923
          ],
          [
            5.6019384,
            6.856461
          ],
          [
            5.6019732,
            6.8561627
          ],
          [
            5.601992,
            6.8556701
          ],
          [
            5.6019598,
            6.8554197
          ],
          [
            5.6013483,
            6.8528392
          ],
          [
            5.6013295,
            6.8525756
          ],
          [
            5.6013308,
            6.8524345
          ],
          [
            5.6013483,
            6.8522827
          ],
          [
            5.6014046,
            6.8521029
          ],
          [
            5.6014851,
            6.8519152
          ],
          [
            5.6016916,
            6.8515237
          ],
          [
            5.601941,
            6.8511908
          ],
          [
            5.6021033,
            6.851019
          ],
          [
            5.6028691,
            6.8501589
          ],
          [
            5.6030515,
            6.8499525
          ],
          [
            5.6040654,
            6.8488966
          ],
          [
            5.6045964,
            6.8483733
          ],
          [
            5.6048043,
            6.8482148
          ],
          [
            5.6049357,
            6.8481363
          ],
          [
            5.6051838,
            6.8480124
          ],
          [
            5.6053971,
            6.8479232
          ],
          [
            5.605735,
            6.8478087
          ],
          [
            5.6060556,
            6.8477168
          ],
          [
            5.6063452,
            6.8476702
          ],
          [
            5.6072389,
            6.8475033
          ],
          [
            5.6085125,
            6.8472655
          ],
          [
            5.6086747,
            6.8472455
          ],
          [
            5.6088075,
            6.8472375
          ],
          [
            5.6089389,
            6.8472375
          ],
          [
            5.6101513,
            6.8473853
          ],
          [
            5.6104691,
            6.8473786
          ],
          [
            5.6106301,
            6.8473587
          ],
          [
            5.6108325,
            6.8473134
          ],
          [
            5.6110364,
            6.8472362
          ],
          [
            5.6122246,
            6.8465491
          ],
          [
            5.6126216,
            6.8463707
          ],
          [
            5.6139949,
            6.8458567
          ],
          [
            5.6144348,
            6.8457129
          ],
          [
            5.6146064,
            6.8456649
          ],
          [
            5.6147727,
            6.8456356
          ],
          [
            5.6159395,
            6.845609
          ],
          [
            5.6161138,
            6.845593
          ],
          [
            5.6165054,
            6.8455345
          ],
          [
            5.6175595,
            6.845388
          ],
          [
            5.6178385,
            6.845396
          ],
          [
            5.6186432,
            6.8455185
          ],
          [
            5.6202042,
            6.8457555
          ],
          [
            5.6204805,
            6.8457795
          ],
          [
            5.6208399,
            6.8457795
          ],
          [
            5.6212234,
            6.8457315
          ],
          [
            5.6215909,
            6.8456117
          ],
          [
            5.6224707,
            6.8452229
          ],
          [
            5.6227094,
            6.8450924
          ],
          [
            5.6228864,
            6.8449486
          ],
          [
            5.6237662,
            6.8440218
          ],
          [
            5.6239727,
            6.8438594
          ],
          [
            5.6243804,
            6.8435638
          ],
          [
            5.6245708,
            6.8434465
          ],
          [
            5.6249008,
            6.8432575
          ],
          [
            5.6250456,
            6.8431882
          ],
          [
            5.6262901,
            6.8427675
          ],
          [
            5.6265208,
            6.8426317
          ],
          [
            5.6267407,
            6.8424506
          ],
          [
            5.627009,
            6.8421177
          ],
          [
            5.6274623,
            6.8413694
          ],
          [
            5.6276232,
            6.8410471
          ],
          [
            5.6282911,
            6.8394572
          ],
          [
            5.6284842,
            6.8389726
          ],
          [
            5.6285781,
            6.8388234
          ],
          [
            5.6287256,
            6.8385997
          ],
          [
            5.6289402,
            6.8383201
          ],
          [
            5.6291091,
            6.8381497
          ],
          [
            5.6293425,
            6.8379393
          ],
          [
            5.6297368,
            6.8376144
          ],
          [
            5.6299406,
            6.8374386
          ],
          [
            5.6302571,
            6.8372575
          ],
          [
            5.6307077,
            6.8370311
          ],
          [
            5.6312817,
            6.8367116
          ],
          [
            5.6318182,
            6.8363867
          ],
          [
            5.6322581,
            6.836155
          ],
          [
            5.6337172,
            6.8353906
          ],
          [
            5.6346747,
            6.834882
          ],
          [
            5.63512,
            6.8346609
          ],
          [
            5.6354472,
            6.8345331
          ],
          [
            5.6357583,
            6.8344346
          ],
          [
            5.6359488,
            6.8343946
          ],
          [
            5.6362733,
            6.8343387
          ],
          [
            5.6366569,
            6.8343494
          ],
          [
            5.6374481,
            6.8344239
          ],
          [
            5.6385264,
            6.8345491
          ],
          [
            5.6395537,
            6.8347328
          ],
          [
            5.6399453,
            6.8348314
          ],
          [
            5.6402591,
            6.8349672
          ],
          [
            5.6403878,
            6.8350338
          ],
          [
            5.6405434,
            6.835087
          ],
          [
            5.6407338,
            6.8351217
          ],
          [
            5.6408975,
            6.8351403
          ],
          [
            5.6410664,
            6.8351243
          ],
          [
            5.6413239,
            6.8350657
          ],
          [
            5.6418952,
            6.8349352
          ],
          [
            5.6425819,
            6.8347169
          ],
          [
            5.6437486,
            6.8343573
          ],
          [
            5.6444219,
            6.8341869
          ],
          [
            5.6450334,
            6.8340351
          ],
          [
            5.6453472,
            6.8339659
          ],
          [
            5.6455484,
            6.8339259
          ],
          [
            5.6459185,
            6.8338806
          ],
          [
            5.6463826,
            6.8338407
          ],
          [
            5.6467125,
            6.8338167
          ],
          [
            5.6468868,
            6.8338034
          ],
          [
            5.6469834,
            6.8337821
          ],
          [
            5.6473428,
            6.8336569
          ],
          [
            5.6481341,
            6.833372
          ],
          [
            5.6487408,
            6.8331687
          ],
          [
            5.6487939,
            6.8331509
          ],
          [
            5.6495556,
            6.8328873
          ],
          [
            5.6496903,
            6.8328287
          ],
          [
            5.6498131,
            6.8327754
          ],
          [
            5.6500491,
            6.8326423
          ],
          [
            5.6502798,
            6.8324798
          ],
          [
            5.6505212,
            6.8322508
          ],
          [
            5.6506929,
            6.8320351
          ],
          [
            5.650827,
            6.8318167
          ],
          [
            5.6509235,
            6.8316276
          ],
          [
            5.6509906,
            6.8314012
          ],
          [
            5.6510282,
            6.8311855
          ],
          [
            5.651055,
            6.8307807
          ],
          [
            5.6510872,
            6.8303892
          ],
          [
            5.6511274,
            6.8300989
          ],
          [
            5.6511703,
            6.8298273
          ],
          [
            5.6512454,
            6.8295344
          ],
          [
            5.6513071,
            6.829308
          ],
          [
            5.6513768,
            6.8290976
          ],
          [
            5.6514868,
            6.8288872
          ],
          [
            5.6516263,
            6.8286502
          ],
          [
            5.6518355,
            6.8283705
          ],
          [
            5.6521869,
            6.8278832
          ],
          [
            5.6523666,
            6.8276701
          ],
          [
            5.6525972,
            6.8273798
          ],
          [
            5.6527099,
            6.8272227
          ],
          [
            5.6527957,
            6.8270682
          ],
          [
            5.6528655,
            6.8268925
          ],
          [
            5.6529325,
            6.8267114
          ],
          [
            5.6529996,
            6.8264371
          ],
          [
            5.65308,
            6.8261814
          ],
          [
            5.6532034,
            6.825987
          ],
          [
            5.6533509,
            6.825758
          ],
          [
            5.6534958,
            6.8256008
          ],
          [
            5.6536674,
            6.8254224
          ],
          [
            5.6538713,
            6.8252493
          ],
          [
            5.654,
            6.8251055
          ],
          [
            5.6541556,
            6.8249031
          ],
          [
            5.6542253,
            6.8247406
          ],
          [
            5.6542951,
            6.8245276
          ],
          [
            5.6543273,
            6.8242852
          ],
          [
            5.6543112,
            6.8241121
          ],
          [
            5.6542683,
            6.823915
          ],
          [
            5.6541154,
            6.8236114
          ],
          [
            5.6538525,
            6.8231214
          ],
          [
            5.6535441,
            6.8225674
          ],
          [
            5.6533778,
            6.8222399
          ],
          [
            5.6533053,
            6.8220215
          ],
          [
            5.653249,
            6.8218084
          ],
          [
            5.6532302,
            6.8216486
          ],
          [
            5.6532276,
            6.8215261
          ],
          [
            5.6532302,
            6.821321
          ],
          [
            5.6532785,
            6.8210547
          ],
          [
            5.6533456,
            6.8206393
          ],
          [
            5.6535012,
            6.8200267
          ],
          [
            5.6536084,
            6.8196419
          ],
          [
            5.6536446,
            6.8195021
          ],
          [
            5.6536835,
            6.8194222
          ],
          [
            5.6537385,
            6.8193489
          ],
          [
            5.6538941,
            6.8191931
          ]
        ]
      },
      "id": "way/378229083"
    },
    {
      "type": "Feature",
      "properties": {
        "@id": "way/391202799",
        "highway": "residential",
        "surface": "unpaved",
        "type": "Residential"
      },
      "geometry": {
        "type": "LineString",
        "coordinates": [
          [
            5.5852348,
            7.1854447
          ],
          [
            5.5853435,
            7.1850246
          ],
          [
            5.5853645,
            7.1849563
          ],
          [
            5.5854311,
            7.1847397
          ],
          [
            5.5854571,
            7.1846325
          ],
          [
            5.5854736,
            7.1844964
          ],
          [
            5.585476,
            7.1844492
          ],
          [
            5.5854803,
            7.1843673
          ],
          [
            5.5854844,
            7.1842781
          ],
          [
            5.5854719,
            7.1842139
          ],
          [
            5.5852725,
            7.1838311
          ],
          [
            5.5851638,
            7.1836062
          ],
          [
            5.5850345,
            7.1833213
          ],
          [
            5.5849104,
            7.1828491
          ],
          [
            5.5847919,
            7.182474
          ],
          [
            5.5846693,
            7.1819236
          ],
          [
            5.5845898,
            7.1816582
          ],
          [
            5.5844598,
            7.1813589
          ],
          [
            5.5843626,
            7.1811295
          ],
          [
            5.5843212,
            7.1810317
          ],
          [
            5.5840408,
            7.1804529
          ],
          [
            5.5839555,
            7.1802704
          ],
          [
            5.5837329,
            7.1797528
          ],
          [
            5.5834925,
            7.1792366
          ],
          [
            5.5832093,
            7.1786602
          ],
          [
            5.5831205,
            7.178473
          ],
          [
            5.583002,
            7.1781801
          ],
          [
            5.582895,
            7.1778615
          ],
          [
            5.5827793,
            7.1775068
          ],
          [
            5.5826804,
            7.1771338
          ],
          [
            5.5825366,
            7.176739
          ],
          [
            5.5824257,
            7.1764053
          ],
          [
            5.5824064,
            7.1763471
          ],
          [
            5.582227,
            7.1757393
          ],
          [
            5.5821886,
            7.1755904
          ],
          [
            5.5821221,
            7.1753679
          ],
          [
            5.5820185,
            7.1750046
          ],
          [
            5.5819642,
            7.1748514
          ],
          [
            5.5819476,
            7.1748206
          ],
          [
            5.5818835,
            7.1747019
          ],
          [
            5.5816622,
            7.1743173
          ],
          [
            5.5815854,
            7.1741958
          ],
          [
            5.5815532,
            7.1741547
          ],
          [
            5.5814449,
            7.1740153
          ],
          [
            5.5811995,
            7.1737561
          ],
          [
            5.5810707,
            7.1735997
          ],
          [
            5.5807905,
            7.1732595
          ],
          [
            5.5805397,
            7.1729655
          ],
          [
            5.5803921,
            7.1727742
          ],
          [
            5.5803248,
            7.1726871
          ],
          [
            5.5802924,
            7.1726415
          ],
          [
            5.5800368,
            7.1722815
          ],
          [
            5.5798627,
            7.1720489
          ],
          [
            5.5796975,
            7.1718052
          ],
          [
            5.5795097,
            7.1715004
          ],
          [
            5.5794249,
            7.1713475
          ],
          [
            5.5793904,
            7.1712889
          ],
          [
            5.5792742,
            7.1710892
          ],
          [
            5.5791235,
            7.1707966
          ],
          [
            5.5790658,
            7.1706755
          ],
          [
            5.5790447,
            7.1706175
          ],
          [
            5.579019,
            7.1705472
          ],
          [
            5.5789946,
            7.1704237
          ],
          [
            5.5789733,
            7.1703162
          ],
          [
            5.5789424,
            7.1700088
          ],
          [
            5.5789116,
            7.1697347
          ],
          [
            5.5788955,
            7.1695956
          ],
          [
            5.5788763,
            7.16943
          ],
          [
            5.5788578,
            7.1692287
          ],
          [
            5.5788459,
            7.169084
          ],
          [
            5.5788513,
            7.1689018
          ],
          [
            5.5788633,
            7.1688099
          ],
          [
            5.5788683,
            7.1687079
          ],
          [
            5.5788432,
            7.1685145
          ],
          [
            5.5788238,
            7.168417
          ],
          [
            5.5788056,
            7.1683253
          ],
          [
            5.578701,
            7.1678226
          ],
          [
            5.5786359,
            7.1674178
          ],
          [
            5.578619,
            7.1673128
          ],
          [
            5.5785508,
            7.1667422
          ],
          [
            5.5785187,
            7.1663536
          ],
          [
            5.5784838,
            7.1661434
          ],
          [
            5.5784549,
            7.1660031
          ],
          [
            5.5784234,
            7.1658094
          ],
          [
            5.5784071,
            7.1656724
          ],
          [
            5.5783711,
            7.1653689
          ],
          [
            5.5783093,
            7.1648434
          ],
          [
            5.5782866,
            7.164516
          ],
          [
            5.578244,
            7.1641276
          ],
          [
            5.5782075,
            7.1638281
          ],
          [
            5.5781727,
            7.1635766
          ],
          [
            5.5781391,
            7.1633836
          ],
          [
            5.5781001,
            7.1632276
          ],
          [
            5.5779742,
            7.1629632
          ],
          [
            5.5777893,
            7.1626186
          ],
          [
            5.5776215,
            7.1623311
          ],
          [
            5.577437,
            7.1620759
          ],
          [
            5.577305,
            7.1618694
          ],
          [
            5.5772312,
            7.1617456
          ],
          [
            5.5770943,
            7.1609604
          ]
        ]
      },
      "id": "way/391202799"
    },
    {
      "type": "Feature",
      "properties": {
        "@id": "way/557014829",
        "highway": "residential",
        "type": "Residential"
      },
      "geometry": {
        "type": "LineString",
        "coordinates": [
          [
            5.5927719,
            7.1658665
          ],
          [
            5.5928819,
            7.1658333
          ],
          [
            5.5929624,
            7.1657575
          ],
          [
            5.5930911,
            7.1656031
          ],
          [
            5.5931742,
            7.1655166
          ],
          [
            5.5932842,
            7.1654594
          ],
          [
            5.5934465,
            7.1653596
          ],
          [
            5.5936544,
            7.1651986
          ],
          [
            5.5938891,
            7.1649471
          ],
          [
            5.5941707,
            7.1647569
          ],
          [
            5.5943437,
            7.1645879
          ]
        ]
      },
      "id": "way/557014829"
    },
    {
      "type": "Feature",
      "properties": {
        "@id": "way/557014831",
        "highway": "residential",
        "type": "Residential"
      },
      "geometry": {
        "type": "LineString",
        "coordinates": [
          [
            5.5920027,
            7.1673247
          ],
          [
            5.5924635,
            7.1677574
          ]
        ]
      },
      "id": "way/557014831"
    },
    {
      "type": "Feature",
      "properties": {
        "@id": "way/557014832",
        "highway": "residential",
        "type": "Residential"
      },
      "geometry": {
        "type": "LineString",
        "coordinates": [
          [
            5.5932641,
            7.1669817
          ],
          [
            5.5933446,
            7.1668686
          ],
          [
            5.5934143,
            7.1667142
          ],
          [
            5.5935726,
            7.1664388
          ],
          [
            5.5936973,
            7.1662405
          ],
          [
            5.5937737,
            7.166158
          ],
          [
            5.5938086,
            7.1660981
          ],
          [
            5.5938207,
            7.1660303
          ],
          [
            5.5937987,
            7.1659739
          ]
        ]
      },
      "id": "way/557014832"
    },
    {
      "type": "Feature",
      "properties": {
        "@id": "way/557014833",
        "highway": "residential",
        "type": "Residential"
      },
      "geometry": {
        "type": "LineString",
        "coordinates": [
          [
            5.5949337,
            7.1655619
          ],
          [
            5.5949331,
            7.1657062
          ],
          [
            5.5949271,
            7.1657349
          ],
          [
            5.5948178,
            7.1659458
          ],
          [
            5.5946951,
            7.1661454
          ],
          [
            5.5944918,
            7.1664514
          ],
          [
            5.5944764,
            7.1664873
          ],
          [
            5.5944671,
            7.1665525
          ],
          [
            5.5944597,
            7.1665718
          ],
          [
            5.5941807,
            7.1669564
          ],
          [
            5.5940419,
            7.1671367
          ],
          [
            5.5939024,
            7.1673336
          ],
          [
            5.5938026,
            7.1674846
          ],
          [
            5.5935544,
            7.16779
          ],
          [
            5.5935323,
            7.1678313
          ],
          [
            5.5934861,
            7.167961
          ],
          [
            5.5934834,
            7.1679823
          ],
          [
            5.5934834,
            7.1680628
          ],
          [
            5.5934921,
            7.1681047
          ],
          [
            5.5935182,
            7.1681413
          ],
          [
            5.5935718,
            7.1681799
          ],
          [
            5.5939128,
            7.1683239
          ],
          [
            5.5940621,
            7.1683762
          ],
          [
            5.5943886,
            7.1685325
          ],
          [
            5.594746,
            7.168766
          ],
          [
            5.5951349,
            7.1689676
          ],
          [
            5.5951738,
            7.1690009
          ],
          [
            5.5952073,
            7.1690401
          ],
          [
            5.5952389,
            7.1690966
          ],
          [
            5.595259,
            7.1691207
          ],
          [
            5.5952851,
            7.1691406
          ],
          [
            5.5954421,
            7.1691792
          ],
          [
            5.5954816,
            7.1691805
          ],
          [
            5.5955091,
            7.1691719
          ],
          [
            5.5955406,
            7.1691333
          ],
          [
            5.5957008,
            7.1688452
          ],
          [
            5.5957156,
            7.1688312
          ],
          [
            5.5957371,
            7.1688226
          ],
          [
            5.5957686,
            7.1688219
          ],
          [
            5.5959611,
            7.1688898
          ]
        ]
      },
      "id": "way/557014833"
    },
    {
      "type": "Feature",
      "properties": {
        "@id": "way/557014834",
        "highway": "unclassified",
        "type": "Unclassified"
      },
      "geometry": {
        "type": "LineString",
        "coordinates": [
          [
            5.592506,
            7.1664445
          ],
          [
            5.5926177,
            7.1664455
          ],
          [
            5.5928215,
            7.1663576
          ],
          [
            5.5930535,
            7.1662378
          ],
          [
            5.5933513,
            7.166138
          ],
          [
            5.593531,
            7.1661048
          ],
          [
            5.5936597,
            7.1660289
          ],
          [
            5.5937987,
            7.1659739
          ],
          [
            5.5939253,
            7.1659238
          ],
          [
            5.5941707,
            7.1658426
          ],
          [
            5.594506,
            7.1657109
          ],
          [
            5.5949337,
            7.1655619
          ],
          [
            5.595145,
            7.1654787
          ],
          [
            5.5953227,
            7.1654056
          ],
          [
            5.5957277,
            7.1652691
          ],
          [
            5.5960214,
            7.165176
          ],
          [
            5.5964828,
            7.1649964
          ],
          [
            5.5968073,
            7.1648939
          ],
          [
            5.5973893,
            7.1646943
          ],
          [
            5.5979486,
            7.164516
          ],
          [
            5.5981685,
            7.1644548
          ],
          [
            5.5984345,
            7.1643835
          ]
        ]
      },
      "id": "way/557014834"
    },
    {
      "type": "Feature",
      "properties": {
        "@id": "way/557019103",
        "highway": "residential",
        "type": "Residential"
      },
      "geometry": {
        "type": "LineString",
        "coordinates": [
          [
            5.5859185,
            7.1708558
          ],
          [
            5.5860288,
            7.1706941
          ],
          [
            5.5861402,
            7.1705597
          ],
          [
            5.5862045,
            7.1704453
          ],
          [
            5.5862702,
            7.1702803
          ],
          [
            5.5863334,
            7.1701209
          ]
        ]
      },
      "id": "way/557019103"
    },
    {
      "type": "Feature",
      "properties": {
        "@id": "way/557019104",
        "highway": "residential",
        "type": "Residential"
      },
      "geometry": {
        "type": "LineString",
        "coordinates": [
          [
            5.5855434,
            7.1696748
          ],
          [
            5.5854763,
            7.1697667
          ],
          [
            5.5854133,
            7.1699077
          ],
          [
            5.5852443,
            7.1702536
          ],
          [
            5.5854696,
            7.1704373
          ],
          [
            5.5856238,
            7.1706502
          ],
          [
            5.585719,
            7.1707407
          ],
          [
            5.5858746,
            7.1708298
          ],
          [
            5.5859185,
            7.1708558
          ]
        ]
      },
      "id": "way/557019104"
    },
    {
      "type": "Feature",
      "properties": {
        "@id": "way/557019109",
        "highway": "residential",
        "type": "Residential"
      },
      "geometry": {
        "type": "LineString",
        "coordinates": [
          [
            5.5804364,
            7.1726395
          ],
          [
            5.5806282,
            7.1724558
          ],
          [
            5.5808455,
            7.1722762
          ],
          [
            5.5809415,
            7.1721786
          ],
          [
            5.5810118,
            7.1721072
          ],
          [
            5.5812411,
            7.1718557
          ],
          [
            5.581402,
            7.1717227
          ],
          [
            5.5816729,
            7.1715337
          ],
          [
            5.5819988,
            7.1712929
          ],
          [
            5.5821525,
            7.1711625
          ],
          [
            5.5822063,
            7.171117
          ],
          [
            5.5822389,
            7.1710893
          ],
          [
            5.5824535,
            7.170891
          ],
          [
            5.582719,
            7.1706395
          ],
          [
            5.5829537,
            7.1704027
          ],
          [
            5.5830167,
            7.1703415
          ],
          [
            5.583073,
            7.1702683
          ],
          [
            5.5831388,
            7.1701392
          ],
          [
            5.5832541,
            7.169933
          ],
          [
            5.5833587,
            7.1697906
          ],
          [
            5.5834794,
            7.1696429
          ],
          [
            5.5835478,
            7.1695458
          ],
          [
            5.5836175,
            7.169426
          ],
          [
            5.5837181,
            7.169265
          ],
          [
            5.5837986,
            7.1692038
          ],
          [
            5.5838844,
            7.1691532
          ],
          [
            5.5839971,
            7.169096
          ]
        ]
      },
      "id": "way/557019109"
    },
    {
      "type": "Feature",
      "properties": {
        "@id": "way/557019112",
        "highway": "residential",
        "type": "Residential"
      },
      "geometry": {
        "type": "LineString",
        "coordinates": [
          [
            5.5818526,
            7.1679131
          ],
          [
            5.5820055,
            7.167973
          ],
          [
            5.5820779,
            7.1680049
          ],
          [
            5.5821396,
            7.1680528
          ],
          [
            5.5822282,
            7.16811
          ],
          [
            5.5824012,
            7.1681686
          ],
          [
            5.5826627,
            7.1682311
          ],
          [
            5.5827297,
            7.1682777
          ],
          [
            5.5828115,
            7.1683775
          ],
          [
            5.5829684,
            7.1685372
          ],
          [
            5.5831146,
            7.1686915
          ],
          [
            5.5832688,
            7.1687753
          ],
          [
            5.583639,
            7.1689536
          ],
          [
            5.5838308,
            7.1690521
          ],
          [
            5.5839971,
            7.169096
          ],
          [
            5.58415,
            7.1691027
          ],
          [
            5.5842908,
            7.1691226
          ],
          [
            5.5844598,
            7.1691626
          ],
          [
            5.5847132,
            7.1692477
          ],
          [
            5.5850606,
            7.1694167
          ],
          [
            5.5854508,
            7.1696296
          ],
          [
            5.5855434,
            7.1696748
          ],
          [
            5.5857888,
            7.1697946
          ],
          [
            5.5862099,
            7.1700448
          ],
          [
            5.5863334,
            7.1701209
          ],
          [
            5.5865076,
            7.1702284
          ],
          [
            5.5870119,
            7.1705557
          ],
          [
            5.5873606,
            7.1707633
          ],
          [
            5.5876449,
            7.1709216
          ],
          [
            5.5877538,
            7.1709831
          ],
          [
            5.5878997,
            7.1710653
          ],
          [
            5.5881505,
            7.171237
          ],
          [
            5.588349,
            7.1713501
          ],
          [
            5.5884911,
            7.1713993
          ],
          [
            5.5886801,
            7.171475
          ]
        ]
      },
      "id": "way/557019112"
    },
    {
      "type": "Feature",
      "properties": {
        "@id": "way/557026582",
        "highway": "residential",
        "type": "Residential"
      },
      "geometry": {
        "type": "LineString",
        "coordinates": [
          [
            5.5876183,
            7.1671058
          ],
          [
            5.5877003,
            7.1669957
          ]
        ]
      },
      "id": "way/557026582"
    },
    {
      "type": "Feature",
      "properties": {
        "@id": "way/557026583",
        "highway": "residential",
        "type": "Residential"
      },
      "geometry": {
        "type": "LineString",
        "coordinates": [
          [
            5.5868051,
            7.1662
          ],
          [
            5.5865568,
            7.1665676
          ],
          [
            5.5861892,
            7.1668465
          ],
          [
            5.5858612,
            7.1670163
          ],
          [
            5.5856579,
            7.167065
          ],
          [
            5.5855501,
            7.1670908
          ],
          [
            5.5851048,
            7.1671201
          ],
          [
            5.5850127,
            7.1670998
          ],
          [
            5.5846523,
            7.1670204
          ],
          [
            5.5845819,
            7.1669713
          ]
        ]
      },
      "id": "way/557026583"
    },
    {
      "type": "Feature",
      "properties": {
        "@id": "way/557026584",
        "highway": "residential",
        "type": "Residential"
      },
      "geometry": {
        "type": "LineString",
        "coordinates": [
          [
            5.5869112,
            7.1660626
          ],
          [
            5.5868051,
            7.1662
          ]
        ]
      },
      "id": "way/557026584"
    },
    {
      "type": "Feature",
      "properties": {
        "@id": "way/557026585",
        "highway": "residential",
        "oneway": "no",
        "type": "Residential"
      },
      "geometry": {
        "type": "LineString",
        "coordinates": [
          [
            5.5839792,
            7.167166
          ],
          [
            5.5839383,
            7.1673911
          ],
          [
            5.5839055,
            7.1675718
          ],
          [
            5.5838967,
            7.1676078
          ],
          [
            5.5838735,
            7.167924
          ],
          [
            5.5839863,
            7.1680488
          ],
          [
            5.5842492,
            7.1682484
          ],
          [
            5.5846703,
            7.1683602
          ],
          [
            5.585109,
            7.1683904
          ],
          [
            5.5852094,
            7.1683948
          ],
          [
            5.5852347,
            7.1683962
          ],
          [
            5.5855131,
            7.1684118
          ],
          [
            5.5858634,
            7.1684314
          ],
          [
            5.5859229,
            7.1684347
          ],
          [
            5.5859647,
            7.1684228
          ],
          [
            5.5861338,
            7.1683747
          ],
          [
            5.5862313,
            7.1683469
          ],
          [
            5.5863016,
            7.1683031
          ],
          [
            5.5866498,
            7.1680861
          ],
          [
            5.586771,
            7.1679729
          ],
          [
            5.5872452,
            7.1675299
          ],
          [
            5.5875216,
            7.1672157
          ],
          [
            5.5876183,
            7.1671058
          ]
        ]
      },
      "id": "way/557026585"
    },
    {
      "type": "Feature",
      "properties": {
        "@id": "way/557026586",
        "highway": "residential",
        "type": "Residential"
      },
      "geometry": {
        "type": "LineString",
        "coordinates": [
          [
            5.5870378,
            7.1655517
          ],
          [
            5.5870091,
            7.1658384
          ],
          [
            5.5869112,
            7.1660626
          ]
        ]
      },
      "id": "way/557026586"
    },
    {
      "type": "Feature",
      "properties": {
        "@id": "way/557026587",
        "highway": "residential",
        "oneway": "yes",
        "type": "Residential"
      },
      "geometry": {
        "type": "LineString",
        "coordinates": [
          [
            5.5869112,
            7.1660626
          ],
          [
            5.587113,
            7.1660886
          ],
          [
            5.5871031,
            7.1662392
          ],
          [
            5.5874303,
            7.1666783
          ],
          [
            5.5877003,
            7.1669957
          ],
          [
            5.5880392,
            7.1673942
          ],
          [
            5.589053,
            7.1686237
          ],
          [
            5.58945,
            7.1690814
          ],
          [
            5.589619,
            7.1692331
          ],
          [
            5.5898031,
            7.1693379
          ]
        ]
      },
      "id": "way/557026587"
    },
    {
      "type": "Feature",
      "properties": {
        "@id": "way/557026588",
        "highway": "residential",
        "oneway": "yes",
        "type": "Residential"
      },
      "geometry": {
        "type": "LineString",
        "coordinates": [
          [
            5.5895796,
            7.1695293
          ],
          [
            5.5894674,
            7.1693156
          ],
          [
            5.5893186,
            7.169132
          ],
          [
            5.5892646,
            7.1690689
          ],
          [
            5.5890918,
            7.1688671
          ],
          [
            5.588927,
            7.1686609
          ],
          [
            5.5879292,
            7.1674687
          ],
          [
            5.5876183,
            7.1671058
          ],
          [
            5.5873364,
            7.1667767
          ],
          [
            5.5869907,
            7.1663858
          ]
        ]
      },
      "id": "way/557026588"
    },
    {
      "type": "Feature",
      "properties": {
        "@id": "way/992712632",
        "highway": "residential",
        "type": "Residential"
      },
      "geometry": {
        "type": "LineString",
        "coordinates": [
          [
            5.5845819,
            7.1669713
          ],
          [
            5.5845409,
            7.166953
          ],
          [
            5.5844538,
            7.1669141
          ],
          [
            5.5843542,
            7.1668713
          ],
          [
            5.5842606,
            7.1668201
          ]
        ]
      },
      "id": "way/992712632"
    },
    {
      "type": "Feature",
      "properties": {
        "@id": "way/992712633",
        "highway": "residential",
        "oneway": "no",
        "type": "Residential"
      },
      "geometry": {
        "type": "LineString",
        "coordinates": [
          [
            5.5835906,
            7.1659763
          ],
          [
            5.5835856,
            7.1659436
          ],
          [
            5.5835745,
            7.165871
          ],
          [
            5.5835424,
            7.1657765
          ],
          [
            5.5835143,
            7.1656609
          ],
          [
            5.5835049,
            7.1655899
          ],
          [
            5.5834984,
            7.1655404
          ],
          [
            5.5834784,
            7.1653853
          ],
          [
            5.5834786,
            7.1653449
          ],
          [
            5.5834791,
            7.165263
          ],
          [
            5.5834885,
            7.1651685
          ],
          [
            5.5835001,
            7.1650773
          ],
          [
            5.5835182,
            7.1649667
          ],
          [
            5.5835226,
            7.1649491
          ],
          [
            5.5835529,
            7.1648298
          ],
          [
            5.5835781,
            7.1647371
          ],
          [
            5.5836051,
            7.164671
          ],
          [
            5.5836296,
            7.1646062
          ],
          [
            5.5836535,
            7.1645621
          ],
          [
            5.5836857,
            7.1644977
          ],
          [
            5.583732,
            7.1644145
          ],
          [
            5.5837392,
            7.1644016
          ],
          [
            5.5837979,
            7.1642296
          ],
          [
            5.5837999,
            7.1641278
          ],
          [
            5.5837843,
            7.1640351
          ]
        ]
      },
      "id": "way/992712633"
    },
    {
      "type": "Feature",
      "properties": {
        "@id": "way/992712634",
        "highway": "residential",
        "type": "Residential"
      },
      "geometry": {
        "type": "LineString",
        "coordinates": [
          [
            5.5870378,
            7.1655517
          ],
          [
            5.5869997,
            7.1649126
          ],
          [
            5.5869375,
            7.1646963
          ],
          [
            5.5868966,
            7.1646107
          ],
          [
            5.5868314,
            7.1644898
          ],
          [
            5.5867287,
            7.1643354
          ],
          [
            5.5865943,
            7.1641776
          ],
          [
            5.5863999,
            7.1639829
          ],
          [
            5.586266,
            7.1638657
          ],
          [
            5.5861445,
            7.1637846
          ],
          [
            5.5858786,
            7.1636684
          ],
          [
            5.5855599,
            7.1635806
          ],
          [
            5.5852834,
            7.1635533
          ],
          [
            5.5849031,
            7.1635884
          ],
          [
            5.5845012,
            7.1637276
          ]
        ]
      },
      "id": "way/992712634"
    },
    {
      "type": "Feature",
      "properties": {
        "@id": "way/992712635",
        "highway": "residential",
        "type": "Residential"
      },
      "geometry": {
        "type": "LineString",
        "coordinates": [
          [
            5.5845012,
            7.1637276
          ],
          [
            5.5842774,
            7.1638403
          ],
          [
            5.5841957,
            7.1638963
          ],
          [
            5.5840587,
            7.1639436
          ],
          [
            5.5839261,
            7.1640023
          ],
          [
            5.5839074,
            7.1640106
          ],
          [
            5.5838742,
            7.1640267
          ],
          [
            5.5837843,
            7.1640351
          ]
        ]
      },
      "id": "way/992712635"
    },
    {
      "type": "Feature",
      "properties": {
        "@id": "way/992712636",
        "highway": "residential",
        "type": "Residential"
      },
      "geometry": {
        "type": "LineString",
        "coordinates": [
          [
            5.5839792,
            7.167166
          ],
          [
            5.5839904,
            7.1671042
          ],
          [
            5.5840107,
            7.1669923
          ],
          [
            5.5840233,
            7.1669577
          ],
          [
            5.5840465,
            7.1668941
          ]
        ]
      },
      "id": "way/992712636"
    },
    {
      "type": "Feature",
      "properties": {
        "@id": "way/992712641",
        "highway": "residential",
        "type": "Residential"
      },
      "geometry": {
        "type": "LineString",
        "coordinates": [
          [
            5.5838735,
            7.167924
          ],
          [
            5.5836692,
            7.1678755
          ],
          [
            5.5833667,
            7.1677982
          ],
          [
            5.5827905,
            7.1676896
          ],
          [
            5.5825173,
            7.1676282
          ],
          [
            5.5823263,
            7.1675853
          ],
          [
            5.5819215,
            7.1674943
          ],
          [
            5.5816654,
            7.1673854
          ],
          [
            5.5815867,
            7.1673301
          ],
          [
            5.581444,
            7.1673037
          ],
          [
            5.5815719,
            7.166826
          ],
          [
            5.5817299,
            7.1662358
          ],
          [
            5.5817469,
            7.1661724
          ],
          [
            5.5818673,
            7.1657569
          ],
          [
            5.5819861,
            7.1653466
          ],
          [
            5.5820301,
            7.1652063
          ],
          [
            5.5821336,
            7.1649297
          ],
          [
            5.5822324,
            7.1647065
          ],
          [
            5.58228,
            7.1645995
          ],
          [
            5.5824144,
            7.1642906
          ],
          [
            5.5825655,
            7.1639583
          ],
          [
            5.5826148,
            7.1638557
          ],
          [
            5.5827662,
            7.1635443
          ],
          [
            5.5828361,
            7.1634164
          ],
          [
            5.5830996,
            7.1635797
          ],
          [
            5.5831369,
            7.1636033
          ],
          [
            5.5833058,
            7.1637099
          ],
          [
            5.5835058,
            7.163833
          ],
          [
            5.5835792,
            7.1638765
          ],
          [
            5.5836308,
            7.1639071
          ],
          [
            5.583706,
            7.1639698
          ],
          [
            5.5837281,
            7.1639882
          ],
          [
            5.5837843,
            7.1640351
          ]
        ]
      },
      "id": "way/992712641"
    },
    {
      "type": "Feature",
      "properties": {
        "@id": "way/992712642",
        "highway": "residential",
        "type": "Residential"
      },
      "geometry": {
        "type": "LineString",
        "coordinates": [
          [
            5.5834885,
            7.1651685
          ],
          [
            5.5833106,
            7.1651455
          ]
        ]
      },
      "id": "way/992712642"
    },
    {
      "type": "Feature",
      "properties": {
        "@id": "way/992736974",
        "highway": "residential",
        "type": "Residential"
      },
      "geometry": {
        "type": "LineString",
        "coordinates": [
          [
            5.5859647,
            7.1684228
          ],
          [
            5.5859437,
            7.1686047
          ]
        ]
      },
      "id": "way/992736974"
    },
    {
      "type": "Feature",
      "properties": {
        "@id": "way/993458021",
        "highway": "residential",
        "layer": "-1",
        "oneway": "no",
        "type": "Residential"
      },
      "geometry": {
        "type": "LineString",
        "coordinates": [
          [
            5.5839055,
            7.1675718
          ],
          [
            5.583613,
            7.1674917
          ],
          [
            5.583576,
            7.1674816
          ],
          [
            5.5834891,
            7.1674569
          ],
          [
            5.5832238,
            7.1673887
          ],
          [
            5.5829496,
            7.1673323
          ],
          [
            5.5826676,
            7.1672552
          ],
          [
            5.5826177,
            7.1672416
          ],
          [
            5.5824151,
            7.1671862
          ],
          [
            5.5823919,
            7.1671799
          ]
        ]
      },
      "id": "way/993458021"
    },
    {
      "type": "Feature",
      "properties": {
        "@id": "way/993458022",
        "highway": "residential",
        "layer": "-1",
        "type": "Residential"
      },
      "geometry": {
        "type": "LineString",
        "coordinates": [
          [
            5.5846523,
            7.1670204
          ],
          [
            5.584634,
            7.1671029
          ],
          [
            5.5846275,
            7.1671448
          ],
          [
            5.5845547,
            7.1676853
          ],
          [
            5.584861,
            7.1677193
          ],
          [
            5.5849872,
            7.1677357
          ],
          [
            5.5851915,
            7.1677623
          ],
          [
            5.5853684,
            7.1677845
          ],
          [
            5.5855165,
            7.16781
          ],
          [
            5.5855586,
            7.1678083
          ],
          [
            5.5856638,
            7.167825
          ],
          [
            5.5857317,
            7.1678378
          ],
          [
            5.5858372,
            7.1678584
          ],
          [
            5.585898,
            7.1678642
          ],
          [
            5.585927,
            7.1677331
          ],
          [
            5.5860236,
            7.1677506
          ]
        ]
      },
      "id": "way/993458022"
    },
    {
      "type": "Feature",
      "properties": {
        "@id": "way/993458023",
        "highway": "residential",
        "layer": "-1",
        "type": "Residential"
      },
      "geometry": {
        "type": "LineString",
        "coordinates": [
          [
            5.584861,
            7.1677193
          ],
          [
            5.5848429,
            7.1679462
          ],
          [
            5.584831,
            7.1680874
          ],
          [
            5.5848288,
            7.1681145
          ]
        ]
      },
      "id": "way/993458023"
    },
    {
      "type": "Feature",
      "properties": {
        "@id": "way/993458024",
        "highway": "residential",
        "type": "Residential"
      },
      "geometry": {
        "type": "LineString",
        "coordinates": [
          [
            5.5861338,
            7.1683747
          ],
          [
            5.5862841,
            7.168522
          ],
          [
            5.5863361,
            7.1685453
          ],
          [
            5.5863967,
            7.168576
          ],
          [
            5.5864709,
            7.1686239
          ],
          [
            5.5865154,
            7.1686815
          ],
          [
            5.5865612,
            7.1687306
          ],
          [
            5.586576,
            7.1687846
          ],
          [
            5.5866168,
            7.1688484
          ],
          [
            5.5866502,
            7.1688913
          ],
          [
            5.5866699,
            7.1688776
          ]
        ]
      },
      "id": "way/993458024"
    },
    {
      "type": "Feature",
      "properties": {
        "@id": "way/993458025",
        "highway": "residential",
        "type": "Residential"
      },
      "geometry": {
        "type": "LineString",
        "coordinates": [
          [
            5.5836296,
            7.1646062
          ],
          [
            5.5838588,
            7.1647027
          ]
        ]
      },
      "id": "way/993458025"
    },
    {
      "type": "Feature",
      "properties": {
        "@id": "way/993458029",
        "highway": "residential",
        "type": "Residential"
      },
      "geometry": {
        "type": "LineString",
        "coordinates": [
          [
            5.5863361,
            7.1685453
          ],
          [
            5.5864652,
            7.1684561
          ],
          [
            5.5866277,
            7.1684105
          ],
          [
            5.5869711,
            7.1683922
          ],
          [
            5.5871183,
            7.1684074
          ],
          [
            5.5872317,
            7.1686538
          ],
          [
            5.5873145,
            7.1690311
          ],
          [
            5.5873942,
            7.1692501
          ],
          [
            5.5874402,
            7.1693749
          ],
          [
            5.5874924,
            7.1694813
          ],
          [
            5.5875476,
            7.1695544
          ],
          [
            5.5876002,
            7.1695955
          ]
        ]
      },
      "id": "way/993458029"
    },
    {
      "type": "Feature",
      "properties": {
        "@id": "way/993507991",
        "highway": "residential",
        "type": "Residential"
      },
      "geometry": {
        "type": "LineString",
        "coordinates": [
          [
            5.5854084,
            7.1686195
          ],
          [
            5.5853435,
            7.1685921
          ],
          [
            5.5853449,
            7.1685557
          ],
          [
            5.5850925,
            7.168521
          ],
          [
            5.5850847,
            7.1685619
          ]
        ]
      },
      "id": "way/993507991"
    },
    {
      "type": "Feature",
      "properties": {
        "@id": "way/993507992",
        "highway": "residential",
        "type": "Residential"
      },
      "geometry": {
        "type": "LineString",
        "coordinates": [
          [
            5.5850925,
            7.168521
          ],
          [
            5.585109,
            7.1683904
          ]
        ]
      },
      "id": "way/993507992"
    },
    {
      "type": "Feature",
      "properties": {
        "@id": "way/993507993",
        "highway": "residential",
        "type": "Residential"
      },
      "geometry": {
        "type": "LineString",
        "coordinates": [
          [
            5.5845547,
            7.1676853
          ],
          [
            5.584497,
            7.1680462
          ],
          [
            5.584831,
            7.1680874
          ],
          [
            5.5851375,
            7.1681288
          ],
          [
            5.5851468,
            7.1680443
          ],
          [
            5.5851732,
            7.1678776
          ],
          [
            5.5851915,
            7.1677623
          ]
        ]
      },
      "id": "way/993507993"
    },
    {
      "type": "Feature",
      "properties": {
        "@id": "way/993507994",
        "highway": "residential",
        "type": "Residential"
      },
      "geometry": {
        "type": "LineString",
        "coordinates": [
          [
            5.5851468,
            7.1680443
          ],
          [
            5.5852674,
            7.1680644
          ],
          [
            5.5854805,
            7.1680998
          ],
          [
            5.5858655,
            7.1681638
          ],
          [
            5.585898,
            7.1678642
          ]
        ]
      },
      "id": "way/993507994"
    },
    {
      "type": "Feature",
      "properties": {
        "@id": "way/993507995",
        "highway": "residential",
        "type": "Residential"
      },
      "geometry": {
        "type": "LineString",
        "coordinates": [
          [
            5.5851375,
            7.1681288
          ],
          [
            5.585109,
            7.1683904
          ]
        ]
      },
      "id": "way/993507995"
    },
    {
      "type": "Feature",
      "properties": {
        "@id": "way/1229560743",
        "highway": "residential",
        "type": "Residential"
      },
      "geometry": {
        "type": "LineString",
        "coordinates": [
          [
            5.590431,
            7.1687664
          ],
          [
            5.5904991,
            7.168941
          ],
          [
            5.5905108,
            7.16896
          ],
          [
            5.5907093,
            7.1691655
          ],
          [
            5.5908987,
            7.1693429
          ],
          [
            5.591111,
            7.1695192
          ],
          [
            5.5913148,
            7.1696662
          ],
          [
            5.591644,
            7.1700075
          ],
          [
            5.5917775,
            7.1701086
          ],
          [
            5.5923434,
            7.1706049
          ],
          [
            5.592558,
            7.1708039
          ],
          [
            5.5925865,
            7.1708145
          ],
          [
            5.5926171,
            7.1708142
          ],
          [
            5.5926472,
            7.1708019
          ],
          [
            5.5927682,
            7.1706226
          ],
          [
            5.5927773,
            7.170599
          ],
          [
            5.592847,
            7.1703721
          ],
          [
            5.5929375,
            7.1701688
          ],
          [
            5.5930535,
            7.1700012
          ],
          [
            5.5930616,
            7.1699839
          ],
          [
            5.5931377,
            7.1697736
          ],
          [
            5.5931461,
            7.1697573
          ],
          [
            5.5932567,
            7.1696106
          ],
          [
            5.5932671,
            7.1695963
          ],
          [
            5.593417,
            7.1692866
          ],
          [
            5.5935377,
            7.1690631
          ],
          [
            5.5936185,
            7.168917
          ],
          [
            5.5936292,
            7.1688901
          ],
          [
            5.593655,
            7.1687257
          ],
          [
            5.5936678,
            7.1686988
          ],
          [
            5.5936912,
            7.1686689
          ],
          [
            5.5937714,
            7.1685834
          ],
          [
            5.5937831,
            7.1685651
          ],
          [
            5.5939128,
            7.1683239
          ]
        ]
      },
      "id": "way/1229560743"
    },
    {
      "type": "Feature",
      "properties": {
        "@id": "way/1291994398",
        "highway": "residential",
        "type": "Residential"
      },
      "geometry": {
        "type": "LineString",
        "coordinates": [
          [
            5.5889833,
            7.1704399
          ],
          [
            5.590083,
            7.1709097
          ],
          [
            5.5901125,
            7.1709469
          ],
          [
            5.5901152,
            7.1710028
          ],
          [
            5.5900857,
            7.1713301
          ],
          [
            5.5899918,
            7.1715457
          ],
          [
            5.5899945,
            7.1716149
          ],
          [
            5.589847,
            7.1720753
          ],
          [
            5.5897819,
            7.172338
          ],
          [
            5.5896565,
            7.1728444
          ]
        ]
      },
      "id": "way/1291994398"
    },
    {
      "type": "Feature",
      "properties": {
        "@id": "way/1291994401",
        "highway": "residential",
        "type": "Residential"
      },
      "geometry": {
        "type": "LineString",
        "coordinates": [
          [
            5.5852443,
            7.1702536
          ],
          [
            5.5848876,
            7.1699144
          ]
        ]
      },
      "id": "way/1291994401"
    },
    {
      "type": "Feature",
      "properties": {
        "@id": "way/1291994403",
        "highway": "residential",
        "type": "Residential"
      },
      "geometry": {
        "type": "LineString",
        "coordinates": [
          [
            5.5781458,
            7.1686862
          ],
          [
            5.5782156,
            7.1683868
          ],
          [
            5.5782504,
            7.1680488
          ],
          [
            5.5782706,
            7.1679996
          ],
          [
            5.5783457,
            7.1678758
          ],
          [
            5.5786359,
            7.1674178
          ]
        ]
      },
      "id": "way/1291994403"
    },
    {
      "type": "Feature",
      "properties": {
        "@id": "way/1291994404",
        "highway": "residential",
        "type": "Residential"
      },
      "geometry": {
        "type": "LineString",
        "coordinates": [
          [
            5.5728886,
            7.172815
          ],
          [
            5.5735874,
            7.1729748
          ],
          [
            5.5736556,
            7.1729897
          ],
          [
            5.5739146,
            7.1730466
          ],
          [
            5.5749232,
            7.1733394
          ],
          [
            5.5750465,
            7.1733447
          ],
          [
            5.5751565,
            7.1733154
          ],
          [
            5.5752397,
            7.1732569
          ],
          [
            5.5753121,
            7.1731477
          ],
          [
            5.5756393,
            7.172674
          ],
          [
            5.5759746,
            7.172062
          ],
          [
            5.5765057,
            7.1711066
          ],
          [
            5.5768543,
            7.1704599
          ],
          [
            5.5771333,
            7.1700328
          ],
          [
            5.5777301,
            7.1692584
          ],
          [
            5.5780157,
            7.1689031
          ],
          [
            5.5781458,
            7.1686862
          ],
          [
            5.5782048,
            7.1686383
          ],
          [
            5.5783014,
            7.1685864
          ],
          [
            5.5785575,
            7.1684773
          ],
          [
            5.5788238,
            7.168417
          ]
        ]
      },
      "id": "way/1291994404"
    },
    {
      "type": "Feature",
      "properties": {
        "@id": "way/1291994407",
        "highway": "residential",
        "type": "Residential"
      },
      "geometry": {
        "type": "LineString",
        "coordinates": [
          [
            5.5788955,
            7.1695956
          ],
          [
            5.5795741,
            7.1694087
          ],
          [
            5.5796519,
            7.1693768
          ],
          [
            5.5800596,
            7.1691266
          ]
        ]
      },
      "id": "way/1291994407"
    },
    {
      "type": "Feature",
      "properties": {
        "@id": "way/1291994410",
        "highway": "residential",
        "type": "Residential"
      },
      "geometry": {
        "type": "LineString",
        "coordinates": [
          [
            5.5794249,
            7.1713475
          ],
          [
            5.5795366,
            7.1711731
          ],
          [
            5.579609,
            7.1711146
          ],
          [
            5.5799308,
            7.1708032
          ],
          [
            5.5802661,
            7.1705451
          ]
        ]
      },
      "id": "way/1291994410"
    },
    {
      "type": "Feature",
      "properties": {
        "@id": "way/1291994411",
        "highway": "residential",
        "type": "Residential"
      },
      "geometry": {
        "type": "LineString",
        "coordinates": [
          [
            5.5789946,
            7.1704237
          ],
          [
            5.5791745,
            7.1703002
          ],
          [
            5.5792657,
            7.170271
          ],
          [
            5.5798477,
            7.1701166
          ],
          [
            5.5799147,
            7.1700873
          ],
          [
            5.5801347,
            7.1699144
          ],
          [
            5.5803198,
            7.1698611
          ],
          [
            5.5803734,
            7.1698718
          ],
          [
            5.5805424,
            7.1700581
          ],
          [
            5.5809608,
            7.1704067
          ]
        ]
      },
      "id": "way/1291994411"
    },
    {
      "type": "Feature",
      "properties": {
        "@id": "way/1490260162",
        "highway": "residential",
        "layer": "-1",
        "type": "Residential"
      },
      "geometry": {
        "type": "LineString",
        "coordinates": [
          [
            5.5839055,
            7.1675718
          ],
          [
            5.5839551,
            7.1675945
          ],
          [
            5.5840591,
            7.1676231
          ],
          [
            5.5845547,
            7.1676853
          ]
        ]
      },
      "id": "way/1490260162"
    },
    {
      "type": "Feature",
      "properties": {
        "@id": "way/1490260163",
        "highway": "unclassified",
        "type": "Unclassified"
      },
      "geometry": {
        "type": "LineString",
        "coordinates": [
          [
            5.5858034,
            7.1689374
          ],
          [
            5.5858204,
            7.1687784
          ],
          [
            5.5857342,
            7.1687713
          ]
        ]
      },
      "id": "way/1490260163"
    },
    {
      "type": "Feature",
      "properties": {
        "@id": "way/1490260164",
        "highway": "unclassified",
        "type": "Unclassified"
      },
      "geometry": {
        "type": "LineString",
        "coordinates": [
          [
            5.5858204,
            7.1687784
          ],
          [
            5.5858634,
            7.1684314
          ]
        ]
      },
      "id": "way/1490260164"
    },
    {
      "type": "Feature",
      "properties": {
        "@id": "way/1490260165",
        "highway": "unclassified",
        "type": "Unclassified"
      },
      "geometry": {
        "type": "LineString",
        "coordinates": [
          [
            5.5855108,
            7.1685107
          ],
          [
            5.5855131,
            7.1684118
          ]
        ]
      },
      "id": "way/1490260165"
    },
    {
      "type": "Feature",
      "properties": {
        "@id": "way/1490260168",
        "highway": "residential",
        "type": "Residential"
      },
      "geometry": {
        "type": "LineString",
        "coordinates": [
          [
            5.5870723,
            7.1649882
          ],
          [
            5.5871259,
            7.1659065
          ],
          [
            5.587113,
            7.1660886
          ]
        ]
      },
      "id": "way/1490260168"
    },
    {
      "type": "Feature",
      "properties": {
        "@id": "way/1490260169",
        "highway": "residential",
        "type": "Residential"
      },
      "geometry": {
        "type": "LineString",
        "coordinates": [
          [
            5.5869907,
            7.1663858
          ],
          [
            5.5866532,
            7.1665878
          ],
          [
            5.5863317,
            7.166866
          ],
          [
            5.5861303,
            7.1669617
          ],
          [
            5.5860219,
            7.1670132
          ],
          [
            5.5856579,
            7.167065
          ]
        ]
      },
      "id": "way/1490260169"
    },
    {
      "type": "Feature",
      "properties": {
        "@id": "way/1490260170",
        "highway": "residential",
        "type": "Residential"
      },
      "geometry": {
        "type": "LineString",
        "coordinates": [
          [
            5.5842606,
            7.1668201
          ],
          [
            5.5840895,
            7.1666214
          ],
          [
            5.5837468,
            7.1662161
          ],
          [
            5.5836915,
            7.166162
          ],
          [
            5.5835906,
            7.1659763
          ]
        ]
      },
      "id": "way/1490260170"
    },
    {
      "type": "Feature",
      "properties": {
        "@id": "way/1490260171",
        "highway": "residential",
        "oneway": "no",
        "type": "Residential"
      },
      "geometry": {
        "type": "LineString",
        "coordinates": [
          [
            5.5842606,
            7.1668201
          ],
          [
            5.5840465,
            7.1668941
          ],
          [
            5.5840895,
            7.1666214
          ],
          [
            5.5837468,
            7.1662161
          ],
          [
            5.5836915,
            7.166162
          ],
          [
            5.5835906,
            7.1659763
          ]
        ]
      },
      "id": "way/1490260171"
    },
    {
      "type": "Feature",
      "properties": {
        "@id": "way/1490260175",
        "highway": "residential",
        "type": "Residential"
      },
      "geometry": {
        "type": "LineString",
        "coordinates": [
          [
            5.5828361,
            7.1634164
          ],
          [
            5.5827703,
            7.1633697
          ],
          [
            5.5827229,
            7.1633423
          ],
          [
            5.5826811,
            7.1633182
          ],
          [
            5.5814362,
            7.1625995
          ],
          [
            5.5811569,
            7.162435
          ]
        ]
      },
      "id": "way/1490260175"
    },
    {
      "type": "Feature",
      "properties": {
        "@id": "way/1490260177",
        "highway": "residential",
        "type": "Residential"
      },
      "geometry": {
        "type": "LineString",
        "coordinates": [
          [
            5.581444,
            7.1673037
          ],
          [
            5.5805386,
            7.1665328
          ],
          [
            5.5798062,
            7.1659092
          ],
          [
            5.5796069,
            7.1658288
          ],
          [
            5.5794277,
            7.1657565
          ],
          [
            5.5788786,
            7.1656781
          ],
          [
            5.5784071,
            7.1656724
          ]
        ]
      },
      "id": "way/1490260177"
    },
    {
      "type": "Feature",
      "properties": {
        "@id": "way/1490260179",
        "highway": "residential",
        "type": "Residential"
      },
      "geometry": {
        "type": "LineString",
        "coordinates": [
          [
            5.5811569,
            7.162435
          ],
          [
            5.5770943,
            7.1609604
          ]
        ]
      },
      "id": "way/1490260179"
    },
    {
      "type": "Feature",
      "properties": {
        "@id": "way/1490260181",
        "highway": "residential",
        "type": "Residential"
      },
      "geometry": {
        "type": "LineString",
        "coordinates": [
          [
            5.5814362,
            7.1625995
          ],
          [
            5.581912,
            7.1620294
          ]
        ]
      },
      "id": "way/1490260181"
    },
    {
      "type": "Feature",
      "properties": {
        "@id": "way/1490260182",
        "highway": "residential",
        "type": "Residential"
      },
      "geometry": {
        "type": "LineString",
        "coordinates": [
          [
            5.5814362,
            7.1625995
          ],
          [
            5.5813269,
            7.1627488
          ],
          [
            5.5809762,
            7.1632277
          ],
          [
            5.5801899,
            7.1638652
          ],
          [
            5.5796152,
            7.1649919
          ],
          [
            5.5796069,
            7.1658288
          ]
        ]
      },
      "id": "way/1490260182"
    },
    {
      "type": "Feature",
      "properties": {
        "@id": "way/1491793497",
        "highway": "unclassified",
        "type": "Unclassified"
      },
      "geometry": {
        "type": "LineString",
        "coordinates": [
          [
            5.5871183,
            7.1684074
          ],
          [
            5.5876575,
            7.1684662
          ],
          [
            5.5886135,
            7.1685704
          ],
          [
            5.588758,
            7.1686321
          ],
          [
            5.5888635,
            7.1687077
          ],
          [
            5.589039,
            7.1689176
          ],
          [
            5.5890918,
            7.1688671
          ]
        ]
      },
      "id": "way/1491793497"
    },
    {
      "type": "Feature",
      "properties": {
        "@id": "way/1491793498",
        "highway": "unclassified",
        "type": "Unclassified"
      },
      "geometry": {
        "type": "LineString",
        "coordinates": [
          [
            5.5876575,
            7.1684662
          ],
          [
            5.5881685,
            7.1688256
          ]
        ]
      },
      "id": "way/1491793498"
    },
    {
      "type": "Feature",
      "properties": {
        "@id": "way/1491805445",
        "highway": "residential",
        "type": "Residential"
      },
      "geometry": {
        "type": "LineString",
        "coordinates": [
          [
            5.5837392,
            7.1644016
          ],
          [
            5.5841957,
            7.1638963
          ]
        ]
      },
      "id": "way/1491805445"
    },
    {
      "type": "Feature",
      "properties": {
        "@id": "way/1491805446",
        "highway": "residential",
        "type": "Residential"
      },
      "geometry": {
        "type": "LineString",
        "coordinates": [
          [
            5.5870723,
            7.1649882
          ],
          [
            5.5869997,
            7.1649126
          ]
        ]
      },
      "id": "way/1491805446"
    },
    {
      "type": "Feature",
      "properties": {
        "@id": "way/1491808827",
        "highway": "unclassified",
        "type": "Unclassified"
      },
      "geometry": {
        "type": "LineString",
        "coordinates": [
          [
            5.58228,
            7.1645995
          ],
          [
            5.582637,
            7.1646968
          ],
          [
            5.5829647,
            7.1647861
          ],
          [
            5.5831464,
            7.1648355
          ],
          [
            5.5833188,
            7.1648866
          ],
          [
            5.5834173,
            7.1649166
          ],
          [
            5.5835226,
            7.1649491
          ]
        ]
      },
      "id": "way/1491808827"
    },
    {
      "type": "Feature",
      "properties": {
        "@id": "way/1491808828",
        "highway": "unclassified",
        "type": "Unclassified"
      },
      "geometry": {
        "type": "LineString",
        "coordinates": [
          [
            5.5831464,
            7.1648355
          ],
          [
            5.5831148,
            7.1649296
          ],
          [
            5.5831565,
            7.1649433
          ],
          [
            5.5831495,
            7.1649642
          ]
        ]
      },
      "id": "way/1491808828"
    },
    {
      "type": "Feature",
      "properties": {
        "@id": "way/1491808829",
        "highway": "unclassified",
        "type": "Unclassified"
      },
      "geometry": {
        "type": "LineString",
        "coordinates": [
          [
            5.5833188,
            7.1648866
          ],
          [
            5.5833114,
            7.1649
          ]
        ]
      },
      "id": "way/1491808829"
    },
    {
      "type": "Feature",
      "properties": {
        "@id": "way/1491808830",
        "highway": "unclassified",
        "type": "Unclassified"
      },
      "geometry": {
        "type": "LineString",
        "coordinates": [
          [
            5.5829647,
            7.1647861
          ],
          [
            5.5829637,
            7.1647953
          ]
        ]
      },
      "id": "way/1491808830"
    },
    {
      "type": "Feature",
      "properties": {
        "@id": "way/1491808831",
        "highway": "unclassified",
        "type": "Unclassified"
      },
      "geometry": {
        "type": "LineString",
        "coordinates": [
          [
            5.582637,
            7.1646968
          ],
          [
            5.5826344,
            7.1647027
          ]
        ]
      },
      "id": "way/1491808831"
    },
    {
      "type": "Feature",
      "properties": {
        "@id": "way/1491808832",
        "highway": "unclassified",
        "type": "Unclassified"
      },
      "geometry": {
        "type": "LineString",
        "coordinates": [
          [
            5.5836004,
            7.1643339
          ],
          [
            5.583732,
            7.1644145
          ]
        ]
      },
      "id": "way/1491808832"
    },
    {
      "type": "Feature",
      "properties": {
        "@id": "way/1491808834",
        "highway": "unclassified",
        "type": "Unclassified"
      },
      "geometry": {
        "type": "LineString",
        "coordinates": [
          [
            5.5836004,
            7.1643339
          ],
          [
            5.5835813,
            7.1643235
          ],
          [
            5.5835946,
            7.1642905
          ]
        ]
      },
      "id": "way/1491808834"
    },
    {
      "type": "Feature",
      "properties": {
        "@id": "way/1491808836",
        "highway": "residential",
        "type": "Residential"
      },
      "geometry": {
        "type": "LineString",
        "coordinates": [
          [
            5.5835004,
            7.1640188
          ],
          [
            5.5835792,
            7.1638765
          ]
        ]
      },
      "id": "way/1491808836"
    },
    {
      "type": "Feature",
      "properties": {
        "@id": "way/1491808841",
        "highway": "residential",
        "type": "Residential"
      },
      "geometry": {
        "type": "LineString",
        "coordinates": [
          [
            5.5827229,
            7.1633423
          ],
          [
            5.582691,
            7.1634026
          ]
        ]
      },
      "id": "way/1491808841"
    },
    {
      "type": "Feature",
      "properties": {
        "@id": "way/1491808842",
        "highway": "unclassified",
        "type": "Unclassified"
      },
      "geometry": {
        "type": "LineString",
        "coordinates": [
          [
            5.5831369,
            7.1636033
          ],
          [
            5.5830926,
            7.1637071
          ]
        ]
      },
      "id": "way/1491808842"
    },
    {
      "type": "Feature",
      "properties": {
        "@id": "way/1491808843",
        "highway": "unclassified",
        "type": "Unclassified"
      },
      "geometry": {
        "type": "LineString",
        "coordinates": [
          [
            5.5830926,
            7.1637071
          ],
          [
            5.5832705,
            7.163898
          ],
          [
            5.5835004,
            7.1640188
          ]
        ]
      },
      "id": "way/1491808843"
    },
    {
      "type": "Feature",
      "properties": {
        "@id": "way/1491808844",
        "highway": "unclassified",
        "type": "Unclassified"
      },
      "geometry": {
        "type": "LineString",
        "coordinates": [
          [
            5.5813269,
            7.1627488
          ],
          [
            5.5814009,
            7.1627933
          ]
        ]
      },
      "id": "way/1491808844"
    },
    {
      "type": "Feature",
      "properties": {
        "@id": "way/1491808847",
        "highway": "unclassified",
        "type": "Unclassified"
      },
      "geometry": {
        "type": "LineString",
        "coordinates": [
          [
            5.5783093,
            7.1648434
          ],
          [
            5.5782472,
            7.1647756
          ]
        ]
      },
      "id": "way/1491808847"
    },
    {
      "type": "Feature",
      "properties": {
        "@id": "way/1491810936",
        "highway": "unclassified",
        "type": "Unclassified"
      },
      "geometry": {
        "type": "LineString",
        "coordinates": [
          [
            5.5875216,
            7.1672157
          ],
          [
            5.587271,
            7.1672303
          ],
          [
            5.5869309,
            7.167179
          ],
          [
            5.5863838,
            7.1669974
          ],
          [
            5.5861949,
            7.1670546
          ],
          [
            5.5861522,
            7.1669932
          ],
          [
            5.5861303,
            7.1669617
          ]
        ]
      },
      "id": "way/1491810936"
    },
    {
      "type": "Feature",
      "properties": {
        "@id": "way/1491810938",
        "highway": "unclassified",
        "type": "Unclassified"
      },
      "geometry": {
        "type": "LineString",
        "coordinates": [
          [
            5.5860349,
            7.167371
          ],
          [
            5.5861061,
            7.1673787
          ]
        ]
      },
      "id": "way/1491810938"
    },
    {
      "type": "Feature",
      "properties": {
        "@id": "way/1491810939",
        "highway": "unclassified",
        "type": "Unclassified"
      },
      "geometry": {
        "type": "LineString",
        "coordinates": [
          [
            5.5862979,
            7.1674657
          ],
          [
            5.5862992,
            7.1674486
          ]
        ]
      },
      "id": "way/1491810939"
    },
    {
      "type": "Feature",
      "properties": {
        "@id": "way/1491810940",
        "highway": "unclassified",
        "type": "Unclassified"
      },
      "geometry": {
        "type": "LineString",
        "coordinates": [
          [
            5.5862115,
            7.1671786
          ],
          [
            5.5861949,
            7.1670546
          ]
        ]
      },
      "id": "way/1491810940"
    },
    {
      "type": "Feature",
      "properties": {
        "@id": "way/1491810942",
        "highway": "residential",
        "type": "Residential"
      },
      "geometry": {
        "type": "LineString",
        "coordinates": [
          [
            5.5859647,
            7.1684228
          ],
          [
            5.5859663,
            7.1682945
          ]
        ]
      },
      "id": "way/1491810942"
    },
    {
      "type": "Feature",
      "properties": {
        "@id": "way/1491810943",
        "highway": "unclassified",
        "type": "Unclassified"
      },
      "geometry": {
        "type": "LineString",
        "coordinates": [
          [
            5.5863016,
            7.1683031
          ],
          [
            5.5863108,
            7.168211
          ],
          [
            5.5863227,
            7.1680929
          ]
        ]
      },
      "id": "way/1491810943"
    },
    {
      "type": "Feature",
      "properties": {
        "@id": "way/1491810944",
        "highway": "unclassified",
        "type": "Unclassified"
      },
      "geometry": {
        "type": "LineString",
        "coordinates": [
          [
            5.5863108,
            7.168211
          ],
          [
            5.5861999,
            7.1681986
          ]
        ]
      },
      "id": "way/1491810944"
    },
    {
      "type": "Feature",
      "properties": {
        "@id": "way/1491810945",
        "highway": "unclassified",
        "type": "Unclassified"
      },
      "geometry": {
        "type": "LineString",
        "coordinates": [
          [
            5.5860236,
            7.1681189
          ],
          [
            5.5860661,
            7.1679905
          ]
        ]
      },
      "id": "way/1491810945"
    },
    {
      "type": "Feature",
      "properties": {
        "@id": "way/1491810946",
        "highway": "unclassified",
        "type": "Unclassified"
      },
      "geometry": {
        "type": "LineString",
        "coordinates": [
          [
            5.5859663,
            7.1682945
          ],
          [
            5.5860236,
            7.1681189
          ]
        ]
      },
      "id": "way/1491810946"
    },
    {
      "type": "Feature",
      "properties": {
        "@id": "way/1491810947",
        "highway": "unclassified",
        "type": "Unclassified"
      },
      "geometry": {
        "type": "LineString",
        "coordinates": [
          [
            5.586771,
            7.1679729
          ],
          [
            5.58663,
            7.1679402
          ],
          [
            5.5866558,
            7.1677916
          ],
          [
            5.5866022,
            7.1677786
          ]
        ]
      },
      "id": "way/1491810947"
    },
    {
      "type": "Feature",
      "properties": {
        "@id": "way/1491810948",
        "highway": "unclassified",
        "type": "Unclassified"
      },
      "geometry": {
        "type": "LineString",
        "coordinates": [
          [
            5.5862992,
            7.1674486
          ],
          [
            5.5862145,
            7.1673137
          ],
          [
            5.5861061,
            7.1673787
          ]
        ]
      },
      "id": "way/1491810948"
    },
    {
      "type": "Feature",
      "properties": {
        "@id": "way/1491810949",
        "highway": "unclassified",
        "type": "Unclassified"
      },
      "geometry": {
        "type": "LineString",
        "coordinates": [
          [
            5.5862145,
            7.1673137
          ],
          [
            5.5862115,
            7.1671786
          ]
        ]
      },
      "id": "way/1491810949"
    },
    {
      "type": "Feature",
      "properties": {
        "@id": "way/1491814007",
        "highway": "unclassified",
        "type": "Unclassified"
      },
      "geometry": {
        "type": "LineString",
        "coordinates": [
          [
            5.584992,
            7.1672215
          ],
          [
            5.5850127,
            7.1670998
          ]
        ]
      },
      "id": "way/1491814007"
    },
    {
      "type": "Feature",
      "properties": {
        "@id": "way/1491839140",
        "highway": "unclassified",
        "type": "Unclassified"
      },
      "geometry": {
        "type": "LineString",
        "coordinates": [
          [
            5.5846643,
            7.165057
          ],
          [
            5.5846146,
            7.1650282
          ],
          [
            5.5840589,
            7.1647601
          ],
          [
            5.5840297,
            7.164746
          ],
          [
            5.5840189,
            7.1647726
          ]
        ]
      },
      "id": "way/1491839140"
    },
    {
      "type": "Feature",
      "properties": {
        "@id": "way/1491839141",
        "highway": "unclassified",
        "type": "Unclassified"
      },
      "geometry": {
        "type": "LineString",
        "coordinates": [
          [
            5.5840189,
            7.1647726
          ],
          [
            5.5838588,
            7.1647027
          ]
        ]
      },
      "id": "way/1491839141"
    },
    {
      "type": "Feature",
      "properties": {
        "@id": "way/1493087276",
        "highway": "unclassified",
        "type": "Unclassified"
      },
      "geometry": {
        "type": "LineString",
        "coordinates": [
          [
            5.589039,
            7.1689176
          ],
          [
            5.5889998,
            7.1689901
          ]
        ]
      },
      "id": "way/1493087276"
    },
    {
      "type": "Feature",
      "properties": {
        "@id": "way/1493087279",
        "highway": "residential",
        "type": "Residential"
      },
      "geometry": {
        "type": "LineString",
        "coordinates": [
          [
            5.5852347,
            7.1683962
          ],
          [
            5.5852509,
            7.1682525
          ]
        ]
      },
      "id": "way/1493087279"
    },
    {
      "type": "Feature",
      "properties": {
        "@id": "way/1493087280",
        "highway": "residential",
        "surface": "unpaved",
        "type": "Residential"
      },
      "geometry": {
        "type": "LineString",
        "coordinates": [
          [
            5.5770943,
            7.1609604
          ],
          [
            5.5771449,
            7.1615153
          ],
          [
            5.577144,
            7.1614289
          ],
          [
            5.5771467,
            7.1612772
          ],
          [
            5.5770943,
            7.1609604
          ],
          [
            5.5770501,
            7.1607303
          ],
          [
            5.5770264,
            7.1605998
          ],
          [
            5.5770032,
            7.1604682
          ],
          [
            5.576967,
            7.1603618
          ],
          [
            5.5768436,
            7.1601342
          ],
          [
            5.5767489,
            7.1599187
          ],
          [
            5.5765218,
            7.1594862
          ],
          [
            5.5762834,
            7.1590429
          ],
          [
            5.5761757,
            7.1588901
          ],
          [
            5.5760605,
            7.1587487
          ],
          [
            5.5753897,
            7.1580039
          ],
          [
            5.5750797,
            7.157604
          ],
          [
            5.5748671,
            7.1573557
          ],
          [
            5.5747864,
            7.1572427
          ],
          [
            5.5747595,
            7.1571642
          ],
          [
            5.5746773,
            7.1570005
          ],
          [
            5.5744175,
            7.1565273
          ],
          [
            5.574199,
            7.1562075
          ],
          [
            5.5741091,
            7.1560997
          ],
          [
            5.5738369,
            7.1557697
          ],
          [
            5.5736804,
            7.1555621
          ]
        ]
      },
      "id": "way/1493087280"
    },
    {
      "type": "Feature",
      "properties": {
        "@id": "way/1493087281",
        "access": "permissive",
        "barrier": "gate",
        "type": "Path"
      },
      "geometry": {
        "type": "LineString",
        "coordinates": [
          [
            5.5892501,
            7.16906
          ],
          [
            5.5892581,
            7.1690533
          ]
        ]
      },
      "id": "way/1493087281"
    },
    {
      "type": "Feature",
      "properties": {
        "@id": "way/1493087282",
        "access": "permissive",
        "barrier": "gate",
        "type": "Path"
      },
      "geometry": {
        "type": "LineString",
        "coordinates": [
          [
            5.5893603,
            7.1689903
          ],
          [
            5.5893683,
            7.1689835
          ]
        ]
      },
      "id": "way/1493087282"
    },
    {
      "type": "Feature",
      "properties": {
        "@id": "way/1493087283",
        "barrier": "wall",
        "type": "Path"
      },
      "geometry": {
        "type": "LineString",
        "coordinates": [
          [
            5.5892788,
            7.1691155
          ],
          [
            5.5890822,
            7.1697143
          ],
          [
            5.5888884,
            7.1699629
          ],
          [
            5.588635,
            7.170647
          ],
          [
            5.5860629,
            7.1692899
          ],
          [
            5.5855935,
            7.1690688
          ],
          [
            5.5851658,
            7.1688723
          ],
          [
            5.5846605,
            7.1686182
          ],
          [
            5.5843684,
            7.1684534
          ],
          [
            5.5835903,
            7.1680606
          ],
          [
            5.5832429,
            7.1678312
          ],
          [
            5.5824676,
            7.1677433
          ],
          [
            5.5819831,
            7.1676114
          ],
          [
            5.5815332,
            7.167426
          ],
          [
            5.5805613,
            7.1666142
          ],
          [
            5.5787674,
            7.1673343
          ],
          [
            5.5786865,
            7.1672165
          ]
        ]
      },
      "id": "way/1493087283"
    },
    {
      "type": "Feature",
      "properties": {
        "@id": "way/1493087284",
        "barrier": "wall",
        "type": "Path"
      },
      "geometry": {
        "type": "LineString",
        "coordinates": [
          [
            5.5894174,
            7.1689672
          ],
          [
            5.589648,
            7.1690555
          ],
          [
            5.59084,
            7.1680761
          ],
          [
            5.5894522,
            7.1676366
          ],
          [
            5.5897682,
            7.1652865
          ],
          [
            5.5896392,
            7.16499
          ],
          [
            5.590472,
            7.1645581
          ],
          [
            5.5908742,
            7.1626379
          ],
          [
            5.5904199,
            7.1606614
          ],
          [
            5.5845871,
            7.1577107
          ],
          [
            5.5752745,
            7.1597404
          ],
          [
            5.5783179,
            7.167191
          ]
        ]
      },
      "id": "way/1493087284"
    },
    {
      "type": "Feature",
      "properties": {
        "@id": "way/1493087286",
        "barrier": "wall",
        "type": "Path"
      },
      "geometry": {
        "type": "LineString",
        "coordinates": [
          [
            5.5783179,
            7.167191
          ],
          [
            5.5785227,
            7.1672305
          ]
        ]
      },
      "id": "way/1493087286"
    },
    {
      "type": "Feature",
      "properties": {
        "@id": "way/1493087287",
        "barrier": "wall",
        "type": "Path"
      },
      "geometry": {
        "type": "LineString",
        "coordinates": [
          [
            5.5894174,
            7.1689672
          ],
          [
            5.5893683,
            7.1689835
          ]
        ]
      },
      "id": "way/1493087287"
    },
    {
      "type": "Feature",
      "properties": {
        "@id": "way/1493087288",
        "barrier": "wall",
        "type": "Path"
      },
      "geometry": {
        "type": "LineString",
        "coordinates": [
          [
            5.5892788,
            7.1691155
          ],
          [
            5.5892501,
            7.1690849
          ],
          [
            5.5892646,
            7.1690689
          ]
        ]
      },
      "id": "way/1493087288"
    },
    {
      "type": "Feature",
      "properties": {
        "@id": "way/1496185201",
        "highway": "unclassified",
        "type": "Unclassified"
      },
      "geometry": {
        "type": "LineString",
        "coordinates": [
          [
            5.5815719,
            7.166826
          ],
          [
            5.5816703,
            7.1668564
          ]
        ]
      },
      "id": "way/1496185201"
    },
    {
      "type": "Feature",
      "properties": {
        "@id": "way/1496185205",
        "barrier": "fence",
        "fence_type": "concrete",
        "type": "Fence"
      },
      "geometry": {
        "type": "LineString",
        "coordinates": [
          [
            5.5835387,
            7.1669552
          ],
          [
            5.5834475,
            7.1669468
          ],
          [
            5.5834005,
            7.1669414
          ],
          [
            5.5833465,
            7.1669365
          ],
          [
            5.583286,
            7.1669301
          ],
          [
            5.5832035,
            7.1669203
          ],
          [
            5.583127,
            7.1669119
          ],
          [
            5.5830531,
            7.1669042
          ],
          [
            5.5829926,
            7.1668981
          ],
          [
            5.5829351,
            7.1668924
          ],
          [
            5.5828824,
            7.1668859
          ],
          [
            5.5828188,
            7.1668789
          ],
          [
            5.5827648,
            7.1668732
          ],
          [
            5.5827218,
            7.1668681
          ],
          [
            5.5826574,
            7.1668609
          ],
          [
            5.5826193,
            7.1668566
          ],
          [
            5.5825143,
            7.1668457
          ],
          [
            5.5825186,
            7.1667993
          ]
        ]
      },
      "id": "way/1496185205"
    },
    {
      "type": "Feature",
      "properties": {
        "@id": "way/1496185206",
        "barrier": "fence",
        "fence_type": "concrete",
        "type": "Fence"
      },
      "geometry": {
        "type": "LineString",
        "coordinates": [
          [
            5.582516,
            7.1667311
          ],
          [
            5.5825162,
            7.1667187
          ],
          [
            5.5825196,
            7.1666851
          ],
          [
            5.582522,
            7.1666679
          ],
          [
            5.5826712,
            7.1666816
          ],
          [
            5.5827359,
            7.1666885
          ],
          [
            5.5828763,
            7.1667022
          ],
          [
            5.5829707,
            7.1667125
          ],
          [
            5.5830718,
            7.1667214
          ],
          [
            5.5831751,
            7.1667332
          ],
          [
            5.5832444,
            7.16674
          ],
          [
            5.5832975,
            7.1667446
          ],
          [
            5.5833128,
            7.1667458
          ],
          [
            5.5833462,
            7.1667484
          ],
          [
            5.5833738,
            7.1667522
          ],
          [
            5.5834004,
            7.1667531
          ],
          [
            5.583457,
            7.1667587
          ],
          [
            5.5834437,
            7.1667584
          ],
          [
            5.583552,
            7.166767
          ],
          [
            5.5835458,
            7.1668387
          ]
        ]
      },
      "id": "way/1496185206"
    },
    {
      "type": "Feature",
      "properties": {
        "@id": "way/1496185207",
        "barrier": "fence",
        "fence_type": "concrete",
        "type": "Fence"
      },
      "geometry": {
        "type": "LineString",
        "coordinates": [
          [
            5.5835387,
            7.1669552
          ],
          [
            5.5835457,
            7.1668761
          ]
        ]
      },
      "id": "way/1496185207"
    },
    {
      "type": "Feature",
      "properties": {
        "@id": "way/1496185208",
        "barrier": "fence",
        "fence_type": "concrete",
        "type": "Fence"
      },
      "geometry": {
        "type": "LineString",
        "coordinates": [
          [
            5.582522,
            7.1666679
          ],
          [
            5.582525,
            7.1661308
          ],
          [
            5.5825271,
            7.1657524
          ],
          [
            5.5825298,
            7.1652705
          ],
          [
            5.5834146,
            7.1653578
          ],
          [
            5.5834882,
            7.1660622
          ],
          [
            5.5834932,
            7.1661099
          ],
          [
            5.5835041,
            7.1662147
          ]
        ]
      },
      "id": "way/1496185208"
    },
    {
      "type": "Feature",
      "properties": {
        "@id": "way/1496185209",
        "barrier": "fence",
        "fence_type": "concrete",
        "type": "Fence"
      },
      "geometry": {
        "type": "LineString",
        "coordinates": [
          [
            5.583552,
            7.166767
          ],
          [
            5.5835011,
            7.1663065
          ]
        ]
      },
      "id": "way/1496185209"
    },
    {
      "type": "Feature",
      "properties": {
        "@id": "way/1496185222",
        "barrier": "fence",
        "fence_type": "concrete",
        "type": "Fence"
      },
      "geometry": {
        "type": "LineString",
        "coordinates": [
          [
            5.5835731,
            7.1645203
          ],
          [
            5.5835855,
            7.1645265
          ],
          [
            5.5835607,
            7.1645909
          ],
          [
            5.5832016,
            7.1644693
          ],
          [
            5.5832073,
            7.1644511
          ]
        ]
      },
      "id": "way/1496185222"
    },
    {
      "type": "Feature",
      "properties": {
        "@id": "way/1496185223",
        "barrier": "fence",
        "fence_type": "concrete",
        "type": "Fence"
      },
      "geometry": {
        "type": "LineString",
        "coordinates": [
          [
            5.5832134,
            7.1644359
          ],
          [
            5.5832227,
            7.1644174
          ]
        ]
      },
      "id": "way/1496185223"
    },
    {
      "type": "Feature",
      "properties": {
        "@id": "way/1496185224",
        "barrier": "yes",
        "type": "Path"
      },
      "geometry": {
        "type": "LineString",
        "coordinates": [
          [
            5.5832073,
            7.1644511
          ],
          [
            5.5832134,
            7.1644359
          ]
        ]
      },
      "id": "way/1496185224"
    },
    {
      "type": "Feature",
      "properties": {
        "@id": "way/1496185230",
        "barrier": "fence",
        "fence_type": "concrete",
        "type": "Fence"
      },
      "geometry": {
        "type": "LineString",
        "coordinates": [
          [
            5.5830224,
            7.1631714
          ],
          [
            5.583596,
            7.1622608
          ],
          [
            5.584309,
            7.162717
          ],
          [
            5.5838213,
            7.1636358
          ]
        ]
      },
      "id": "way/1496185230"
    },
    {
      "type": "Feature",
      "properties": {
        "@id": "way/1496185231",
        "barrier": "fence",
        "fence_type": "concrete",
        "type": "Fence"
      },
      "geometry": {
        "type": "LineString",
        "coordinates": [
          [
            5.583596,
            7.1622608
          ],
          [
            5.5828683,
            7.1618042
          ],
          [
            5.5821527,
            7.1629566
          ],
          [
            5.5827425,
            7.1633015
          ]
        ]
      },
      "id": "way/1496185231"
    },
    {
      "type": "Feature",
      "properties": {
        "@id": "way/1496185232",
        "barrier": "fence",
        "fence_type": "concrete",
        "type": "Fence"
      },
      "geometry": {
        "type": "LineString",
        "coordinates": [
          [
            5.5812066,
            7.1634937
          ],
          [
            5.5823814,
            7.164198
          ],
          [
            5.5825673,
            7.1638519
          ]
        ]
      },
      "id": "way/1496185232"
    },
    {
      "type": "Feature",
      "properties": {
        "@id": "way/1496185234",
        "barrier": "fence",
        "fence_type": "concrete",
        "type": "Fence"
      },
      "geometry": {
        "type": "LineString",
        "coordinates": [
          [
            5.5825673,
            7.1638519
          ],
          [
            5.5824231,
            7.1637659
          ]
        ]
      },
      "id": "way/1496185234"
    },
    {
      "type": "Feature",
      "properties": {
        "@id": "way/1496185235",
        "barrier": "fence",
        "fence_type": "concrete",
        "type": "Fence"
      },
      "geometry": {
        "type": "LineString",
        "coordinates": [
          [
            5.5826173,
            7.1634121
          ],
          [
            5.5824441,
            7.1637205
          ]
        ]
      },
      "id": "way/1496185235"
    },
    {
      "type": "Feature",
      "properties": {
        "@id": "way/1496185236",
        "barrier": "gate",
        "type": "Path"
      },
      "geometry": {
        "type": "LineString",
        "coordinates": [
          [
            5.5824231,
            7.1637659
          ],
          [
            5.5824331,
            7.1637443
          ],
          [
            5.5824441,
            7.1637205
          ]
        ]
      },
      "id": "way/1496185236"
    },
    {
      "type": "Feature",
      "properties": {
        "@id": "way/1496185238",
        "barrier": "fence",
        "fence_type": "concrete",
        "type": "Fence"
      },
      "geometry": {
        "type": "LineString",
        "coordinates": [
          [
            5.5812066,
            7.1634937
          ],
          [
            5.5816407,
            7.1627854
          ],
          [
            5.5824505,
            7.1632295
          ]
        ]
      },
      "id": "way/1496185238"
    },
    {
      "type": "Feature",
      "properties": {
        "@id": "way/1496185239",
        "barrier": "gate",
        "type": "Path"
      },
      "geometry": {
        "type": "LineString",
        "coordinates": [
          [
            5.5827425,
            7.1633015
          ],
          [
            5.5827956,
            7.1633289
          ],
          [
            5.5828278,
            7.1633455
          ]
        ]
      },
      "id": "way/1496185239"
    },
    {
      "type": "Feature",
      "properties": {
        "@id": "way/1496185240",
        "barrier": "fence",
        "fence_type": "concrete",
        "type": "Fence"
      },
      "geometry": {
        "type": "LineString",
        "coordinates": [
          [
            5.5828963,
            7.1633853
          ],
          [
            5.5836014,
            7.1637933
          ]
        ]
      },
      "id": "way/1496185240"
    },
    {
      "type": "Feature",
      "properties": {
        "@id": "way/1496185241",
        "barrier": "gate",
        "type": "Path"
      },
      "geometry": {
        "type": "LineString",
        "coordinates": [
          [
            5.5836014,
            7.1637933
          ],
          [
            5.5836267,
            7.1638048
          ],
          [
            5.5836483,
            7.1638146
          ]
        ]
      },
      "id": "way/1496185241"
    },
    {
      "type": "Feature",
      "properties": {
        "@id": "way/1496185243",
        "barrier": "fence",
        "fence_type": "concrete",
        "type": "Fence"
      },
      "geometry": {
        "type": "LineString",
        "coordinates": [
          [
            5.5809138,
            7.1667418
          ],
          [
            5.581162,
            7.1662725
          ],
          [
            5.5812581,
            7.1661001
          ],
          [
            5.5812948,
            7.1660312
          ],
          [
            5.5814387,
            7.1657908
          ],
          [
            5.5814927,
            7.1656984
          ],
          [
            5.5809782,
            7.165345
          ],
          [
            5.5803442,
            7.1662508
          ],
          [
            5.5805562,
            7.1664378
          ]
        ]
      },
      "id": "way/1496185243"
    },
    {
      "type": "Feature",
      "properties": {
        "@id": "way/1496185244",
        "barrier": "fence",
        "fence_type": "concrete",
        "type": "Fence"
      },
      "geometry": {
        "type": "LineString",
        "coordinates": [
          [
            5.5809138,
            7.1667418
          ],
          [
            5.5807131,
            7.1665804
          ],
          [
            5.5806209,
            7.166509
          ]
        ]
      },
      "id": "way/1496185244"
    },
    {
      "type": "Feature",
      "properties": {
        "@id": "way/1496185245",
        "barrier": "gate",
        "type": "Path"
      },
      "geometry": {
        "type": "LineString",
        "coordinates": [
          [
            5.5805562,
            7.1664378
          ],
          [
            5.5805931,
            7.1664745
          ],
          [
            5.5806209,
            7.166509
          ]
        ]
      },
      "id": "way/1496185245"
    },
    {
      "type": "Feature",
      "properties": {
        "@id": "way/1496185268",
        "barrier": "gate",
        "type": "Path"
      },
      "geometry": {
        "type": "LineString",
        "coordinates": [
          [
            5.5835457,
            7.1668761
          ],
          [
            5.5835466,
            7.166857
          ],
          [
            5.5835458,
            7.1668387
          ]
        ]
      },
      "id": "way/1496185268"
    },
    {
      "type": "Feature",
      "properties": {
        "@id": "way/1496185279",
        "highway": "unclassified",
        "type": "Unclassified"
      },
      "geometry": {
        "type": "LineString",
        "coordinates": [
          [
            5.58249,
            7.1667727
          ],
          [
            5.5825371,
            7.1667723
          ],
          [
            5.5825698,
            7.166767
          ],
          [
            5.5835466,
            7.166857
          ],
          [
            5.5835628,
            7.1668771
          ],
          [
            5.5837163,
            7.166904
          ],
          [
            5.5840233,
            7.1669577
          ]
        ]
      },
      "id": "way/1496185279"
    },
    {
      "type": "Feature",
      "properties": {
        "@id": "way/1496185280",
        "highway": "unclassified",
        "type": "Unclassified"
      },
      "geometry": {
        "type": "LineString",
        "coordinates": [
          [
            5.5835628,
            7.1668771
          ],
          [
            5.5835605,
            7.1667549
          ],
          [
            5.5835158,
            7.1662978
          ]
        ]
      },
      "id": "way/1496185280"
    },
    {
      "type": "Feature",
      "properties": {
        "@id": "way/1496185281",
        "barrier": "gate",
        "type": "Path"
      },
      "geometry": {
        "type": "LineString",
        "coordinates": [
          [
            5.5835011,
            7.1663065
          ],
          [
            5.5835028,
            7.1662558
          ],
          [
            5.5835041,
            7.1662147
          ]
        ]
      },
      "id": "way/1496185281"
    },
    {
      "type": "Feature",
      "properties": {
        "@id": "way/1496185283",
        "highway": "residential",
        "type": "Residential"
      },
      "geometry": {
        "type": "LineString",
        "coordinates": [
          [
            5.5837468,
            7.1662161
          ],
          [
            5.5836435,
            7.1662605
          ]
        ]
      },
      "id": "way/1496185283"
    },
    {
      "type": "Feature",
      "properties": {
        "@id": "way/1496185284",
        "highway": "unclassified",
        "type": "Unclassified"
      },
      "geometry": {
        "type": "LineString",
        "coordinates": [
          [
            5.5835158,
            7.1662978
          ],
          [
            5.5835028,
            7.1662558
          ]
        ]
      },
      "id": "way/1496185284"
    },
    {
      "type": "Feature",
      "properties": {
        "@id": "way/1496185285",
        "highway": "unclassified",
        "type": "Unclassified"
      },
      "geometry": {
        "type": "LineString",
        "coordinates": [
          [
            5.5826829,
            7.1661588
          ],
          [
            5.5828375,
            7.1661744
          ],
          [
            5.5830702,
            7.166198
          ],
          [
            5.5832392,
            7.1662151
          ],
          [
            5.5833452,
            7.1662258
          ],
          [
            5.5833784,
            7.1657802
          ],
          [
            5.5832347,
            7.1657662
          ],
          [
            5.5831586,
            7.1657588
          ],
          [
            5.5828524,
            7.1657289
          ],
          [
            5.5827723,
            7.1657211
          ]
        ]
      },
      "id": "way/1496185285"
    },
    {
      "type": "Feature",
      "properties": {
        "@id": "way/1496185286",
        "highway": "unclassified",
        "type": "Unclassified"
      },
      "geometry": {
        "type": "LineString",
        "coordinates": [
          [
            5.5826829,
            7.1661588
          ],
          [
            5.5826797,
            7.1661729
          ]
        ]
      },
      "id": "way/1496185286"
    },
    {
      "type": "Feature",
      "properties": {
        "@id": "way/1496185287",
        "highway": "unclassified",
        "type": "Unclassified"
      },
      "geometry": {
        "type": "LineString",
        "coordinates": [
          [
            5.5828375,
            7.1661744
          ],
          [
            5.5828317,
            7.1661901
          ]
        ]
      },
      "id": "way/1496185287"
    },
    {
      "type": "Feature",
      "properties": {
        "@id": "way/1496185288",
        "highway": "unclassified",
        "type": "Unclassified"
      },
      "geometry": {
        "type": "LineString",
        "coordinates": [
          [
            5.5830702,
            7.166198
          ],
          [
            5.5830694,
            7.1662055
          ]
        ]
      },
      "id": "way/1496185288"
    },
    {
      "type": "Feature",
      "properties": {
        "@id": "way/1496185289",
        "highway": "unclassified",
        "type": "Unclassified"
      },
      "geometry": {
        "type": "LineString",
        "coordinates": [
          [
            5.5832392,
            7.1662151
          ],
          [
            5.5832349,
            7.166239
          ]
        ]
      },
      "id": "way/1496185289"
    },
    {
      "type": "Feature",
      "properties": {
        "@id": "way/1496185290",
        "barrier": "fence",
        "fence_type": "chain_link",
        "type": "Fence"
      },
      "geometry": {
        "type": "LineString",
        "coordinates": [
          [
            5.582525,
            7.1661308
          ],
          [
            5.5830232,
            7.1661783
          ],
          [
            5.5833235,
            7.1662071
          ]
        ]
      },
      "id": "way/1496185290"
    },
    {
      "type": "Feature",
      "properties": {
        "@id": "way/1496185291",
        "barrier": "fence",
        "fence_type": "chain_link",
        "type": "Fence"
      },
      "geometry": {
        "type": "LineString",
        "coordinates": [
          [
            5.583356,
            7.1662117
          ],
          [
            5.5833788,
            7.1662134
          ],
          [
            5.5833919,
            7.1660618
          ],
          [
            5.5834882,
            7.1660622
          ]
        ]
      },
      "id": "way/1496185291"
    },
    {
      "type": "Feature",
      "properties": {
        "@id": "way/1496185292",
        "barrier": "fence",
        "type": "Fence"
      },
      "geometry": {
        "type": "LineString",
        "coordinates": [
          [
            5.5833235,
            7.1662071
          ],
          [
            5.583356,
            7.1662117
          ]
        ]
      },
      "id": "way/1496185292"
    },
    {
      "type": "Feature",
      "properties": {
        "@id": "way/1496185293",
        "highway": "unclassified",
        "type": "Unclassified"
      },
      "geometry": {
        "type": "LineString",
        "coordinates": [
          [
            5.5832283,
            7.1658205
          ],
          [
            5.5832347,
            7.1657662
          ]
        ]
      },
      "id": "way/1496185293"
    },
    {
      "type": "Feature",
      "properties": {
        "@id": "way/1496185294",
        "highway": "unclassified",
        "type": "Unclassified"
      },
      "geometry": {
        "type": "LineString",
        "coordinates": [
          [
            5.5831532,
            7.1658062
          ],
          [
            5.5831586,
            7.1657588
          ]
        ]
      },
      "id": "way/1496185294"
    },
    {
      "type": "Feature",
      "properties": {
        "@id": "way/1496185295",
        "highway": "unclassified",
        "type": "Unclassified"
      },
      "geometry": {
        "type": "LineString",
        "coordinates": [
          [
            5.5828461,
            7.1657769
          ],
          [
            5.5828524,
            7.1657289
          ]
        ]
      },
      "id": "way/1496185295"
    },
    {
      "type": "Feature",
      "properties": {
        "@id": "way/1496185296",
        "highway": "unclassified",
        "type": "Unclassified"
      },
      "geometry": {
        "type": "LineString",
        "coordinates": [
          [
            5.5833784,
            7.1657802
          ],
          [
            5.5833912,
            7.1656152
          ],
          [
            5.5833373,
            7.1656059
          ]
        ]
      },
      "id": "way/1496185296"
    },
    {
      "type": "Feature",
      "properties": {
        "@id": "way/1496185297",
        "highway": "unclassified",
        "type": "Unclassified"
      },
      "geometry": {
        "type": "LineString",
        "coordinates": [
          [
            5.5833912,
            7.1656152
          ],
          [
            5.5833993,
            7.165545
          ],
          [
            5.5833453,
            7.1655277
          ]
        ]
      },
      "id": "way/1496185297"
    },
    {
      "type": "Feature",
      "properties": {
        "@id": "way/1496185298",
        "highway": "unclassified",
        "type": "Unclassified"
      },
      "geometry": {
        "type": "LineString",
        "coordinates": [
          [
            5.5833452,
            7.1662258
          ],
          [
            5.5835028,
            7.1662558
          ]
        ]
      },
      "id": "way/1496185298"
    },
    {
      "type": "Feature",
      "properties": {
        "@id": "way/1496185299",
        "highway": "unclassified",
        "type": "Unclassified"
      },
      "geometry": {
        "type": "LineString",
        "coordinates": [
          [
            5.5835028,
            7.1662558
          ],
          [
            5.5835189,
            7.1662573
          ]
        ]
      },
      "id": "way/1496185299"
    },
    {
      "type": "Feature",
      "properties": {
        "@id": "way/1496188492",
        "barrier": "fence",
        "fence_type": "concrete",
        "type": "Fence"
      },
      "geometry": {
        "type": "LineString",
        "coordinates": [
          [
            5.5780757,
            7.1633031
          ],
          [
            5.5774322,
            7.1633753
          ],
          [
            5.5777204,
            7.1648513
          ],
          [
            5.5782179,
            7.164819
          ]
        ]
      },
      "id": "way/1496188492"
    },
    {
      "type": "Feature",
      "properties": {
        "@id": "way/1496188493",
        "barrier": "fence",
        "fence_type": "chain_link",
        "type": "Fence"
      },
      "geometry": {
        "type": "LineString",
        "coordinates": [
          [
            5.5780757,
            7.1633031
          ],
          [
            5.5782636,
            7.1647514
          ]
        ]
      },
      "id": "way/1496188493"
    },
    {
      "type": "Feature",
      "properties": {
        "@id": "way/1496188494",
        "barrier": "gate",
        "type": "Path"
      },
      "geometry": {
        "type": "LineString",
        "coordinates": [
          [
            5.5782179,
            7.164819
          ],
          [
            5.5782472,
            7.1647756
          ],
          [
            5.5782636,
            7.1647514
          ]
        ]
      },
      "id": "way/1496188494"
    },
    {
      "type": "Feature",
      "properties": {
        "@id": "way/1496527082",
        "barrier": "fence",
        "fence_type": "concrete",
        "type": "Fence"
      },
      "geometry": {
        "type": "LineString",
        "coordinates": [
          [
            5.582525,
            7.1661308
          ],
          [
            5.581829,
            7.1660409
          ],
          [
            5.5819254,
            7.1656953
          ],
          [
            5.5825271,
            7.1657524
          ]
        ]
      },
      "id": "way/1496527082"
    },
    {
      "type": "Feature",
      "properties": {
        "@id": "way/1496527084",
        "highway": "unclassified",
        "type": "Unclassified"
      },
      "geometry": {
        "type": "LineString",
        "coordinates": [
          [
            5.58249,
            7.1667727
          ],
          [
            5.5824477,
            7.1667321
          ],
          [
            5.5823996,
            7.1666626
          ],
          [
            5.5823857,
            7.166587
          ],
          [
            5.5823996,
            7.1664975
          ],
          [
            5.5823888,
            7.1663479
          ],
          [
            5.5822722,
            7.1662137
          ],
          [
            5.5820125,
            7.1661859
          ],
          [
            5.5818523,
            7.1662414
          ],
          [
            5.5817299,
            7.1662358
          ]
        ]
      },
      "id": "way/1496527084"
    },
    {
      "type": "Feature",
      "properties": {
        "@id": "way/1496527086",
        "highway": "unclassified",
        "type": "Unclassified"
      },
      "geometry": {
        "type": "LineString",
        "coordinates": [
          [
            5.5824885,
            7.1668739
          ],
          [
            5.5826943,
            7.1669259
          ],
          [
            5.5827467,
            7.1669384
          ],
          [
            5.5830131,
            7.1670019
          ],
          [
            5.5831589,
            7.1670397
          ],
          [
            5.5833836,
            7.1670979
          ],
          [
            5.5834206,
            7.1671075
          ],
          [
            5.5836694,
            7.1671709
          ]
        ]
      },
      "id": "way/1496527086"
    },
    {
      "type": "Feature",
      "properties": {
        "@id": "way/1496527087",
        "highway": "unclassified",
        "type": "Unclassified"
      },
      "geometry": {
        "type": "LineString",
        "coordinates": [
          [
            5.5834206,
            7.1671075
          ],
          [
            5.5834063,
            7.1671589
          ]
        ]
      },
      "id": "way/1496527087"
    },
    {
      "type": "Feature",
      "properties": {
        "@id": "way/1496527088",
        "highway": "unclassified",
        "type": "Unclassified"
      },
      "geometry": {
        "type": "LineString",
        "coordinates": [
          [
            5.5831589,
            7.1670397
          ],
          [
            5.583145,
            7.1670909
          ]
        ]
      },
      "id": "way/1496527088"
    },
    {
      "type": "Feature",
      "properties": {
        "@id": "way/1496527089",
        "highway": "unclassified",
        "type": "Unclassified"
      },
      "geometry": {
        "type": "LineString",
        "coordinates": [
          [
            5.5829496,
            7.1673323
          ],
          [
            5.5829932,
            7.1671541
          ]
        ]
      },
      "id": "way/1496527089"
    },
    {
      "type": "Feature",
      "properties": {
        "@id": "way/1496527090",
        "highway": "unclassified",
        "type": "Unclassified"
      },
      "geometry": {
        "type": "LineString",
        "coordinates": [
          [
            5.5829102,
            7.1674818
          ],
          [
            5.5829496,
            7.1673323
          ]
        ]
      },
      "id": "way/1496527090"
    },
    {
      "type": "Feature",
      "properties": {
        "@id": "way/1496527091",
        "highway": "unclassified",
        "type": "Unclassified"
      },
      "geometry": {
        "type": "LineString",
        "coordinates": [
          [
            5.5832238,
            7.1673887
          ],
          [
            5.5832565,
            7.1672558
          ]
        ]
      },
      "id": "way/1496527091"
    },
    {
      "type": "Feature",
      "properties": {
        "@id": "way/1496527092",
        "highway": "unclassified",
        "type": "Unclassified"
      },
      "geometry": {
        "type": "LineString",
        "coordinates": [
          [
            5.5834891,
            7.1674569
          ],
          [
            5.5835226,
            7.1673016
          ]
        ]
      },
      "id": "way/1496527092"
    },
    {
      "type": "Feature",
      "properties": {
        "@id": "way/1496527093",
        "highway": "unclassified",
        "type": "Unclassified"
      },
      "geometry": {
        "type": "LineString",
        "coordinates": [
          [
            5.583613,
            7.1674917
          ],
          [
            5.5836694,
            7.1671709
          ],
          [
            5.5837163,
            7.166904
          ]
        ]
      },
      "id": "way/1496527093"
    },
    {
      "type": "Feature",
      "properties": {
        "@id": "way/1496527094",
        "highway": "unclassified",
        "type": "Unclassified"
      },
      "geometry": {
        "type": "LineString",
        "coordinates": [
          [
            5.5839383,
            7.1673911
          ],
          [
            5.5838961,
            7.1673826
          ]
        ]
      },
      "id": "way/1496527094"
    },
    {
      "type": "Feature",
      "properties": {
        "@id": "way/1496527095",
        "highway": "unclassified",
        "type": "Unclassified"
      },
      "geometry": {
        "type": "LineString",
        "coordinates": [
          [
            5.5840233,
            7.1669577
          ],
          [
            5.5840816,
            7.1669812
          ],
          [
            5.5842139,
            7.1670137
          ],
          [
            5.5843778,
            7.1670511
          ],
          [
            5.5845812,
            7.1670922
          ],
          [
            5.584634,
            7.1671029
          ]
        ]
      },
      "id": "way/1496527095"
    },
    {
      "type": "Feature",
      "properties": {
        "@id": "way/1496527096",
        "highway": "unclassified",
        "type": "Unclassified"
      },
      "geometry": {
        "type": "LineString",
        "coordinates": [
          [
            5.5845812,
            7.1670922
          ],
          [
            5.5845781,
            7.1670595
          ],
          [
            5.5845409,
            7.166953
          ]
        ]
      },
      "id": "way/1496527096"
    },
    {
      "type": "Feature",
      "properties": {
        "@id": "way/1496527101",
        "highway": "unclassified",
        "type": "Unclassified"
      },
      "geometry": {
        "type": "LineString",
        "coordinates": [
          [
            5.5839904,
            7.1671042
          ],
          [
            5.5839502,
            7.1670955
          ]
        ]
      },
      "id": "way/1496527101"
    },
    {
      "type": "Feature",
      "properties": {
        "@id": "way/1496527106",
        "highway": "unclassified",
        "type": "Unclassified"
      },
      "geometry": {
        "type": "LineString",
        "coordinates": [
          [
            5.58249,
            7.1667727
          ],
          [
            5.582496,
            7.1668001
          ],
          [
            5.5824885,
            7.1668739
          ]
        ]
      },
      "id": "way/1496527106"
    },
    {
      "type": "Feature",
      "properties": {
        "@id": "way/1496527107",
        "highway": "unclassified",
        "type": "Unclassified"
      },
      "geometry": {
        "type": "LineString",
        "coordinates": [
          [
            5.5825866,
            7.167092
          ],
          [
            5.5827002,
            7.1671247
          ],
          [
            5.5827331,
            7.1671342
          ]
        ]
      },
      "id": "way/1496527107"
    },
    {
      "type": "Feature",
      "properties": {
        "@id": "way/1496527108",
        "highway": "unclassified",
        "type": "Unclassified"
      },
      "geometry": {
        "type": "LineString",
        "coordinates": [
          [
            5.5826676,
            7.1672552
          ],
          [
            5.5827002,
            7.1671247
          ],
          [
            5.5827467,
            7.1669384
          ]
        ]
      },
      "id": "way/1496527108"
    },
    {
      "type": "Feature",
      "properties": {
        "@id": "way/1496527110",
        "highway": "unclassified",
        "type": "Unclassified"
      },
      "geometry": {
        "type": "LineString",
        "coordinates": [
          [
            5.5825173,
            7.1676282
          ],
          [
            5.5825471,
            7.1675227
          ]
        ]
      },
      "id": "way/1496527110"
    },
    {
      "type": "Feature",
      "properties": {
        "@id": "way/1498448867",
        "highway": "unclassified",
        "type": "Unclassified"
      },
      "geometry": {
        "type": "LineString",
        "coordinates": [
          [
            5.5835049,
            7.1655899
          ],
          [
            5.583623,
            7.1655693
          ],
          [
            5.5838286,
            7.1657634
          ],
          [
            5.583866,
            7.1657198
          ]
        ]
      },
      "id": "way/1498448867"
    },
    {
      "type": "Feature",
      "properties": {
        "@id": "way/1498448868",
        "highway": "unclassified",
        "type": "Unclassified"
      },
      "geometry": {
        "type": "LineString",
        "coordinates": [
          [
            5.5826733,
            7.1630019
          ],
          [
            5.5826279,
            7.1630728
          ],
          [
            5.5828603,
            7.1632148
          ],
          [
            5.5827956,
            7.1633289
          ]
        ]
      },
      "id": "way/1498448868"
    },
    {
      "type": "Feature",
      "properties": {
        "@id": "way/1498448869",
        "highway": "unclassified",
        "type": "Unclassified"
      },
      "geometry": {
        "type": "LineString",
        "coordinates": [
          [
            5.5827703,
            7.1633697
          ],
          [
            5.5827956,
            7.1633289
          ]
        ]
      },
      "id": "way/1498448869"
    },
    {
      "type": "Feature",
      "properties": {
        "@id": "way/1498448870",
        "highway": "unclassified",
        "type": "Unclassified"
      },
      "geometry": {
        "type": "LineString",
        "coordinates": [
          [
            5.5833741,
            7.1634336
          ],
          [
            5.5833373,
            7.1634997
          ],
          [
            5.58368,
            7.1637021
          ],
          [
            5.5836267,
            7.1638048
          ]
        ]
      },
      "id": "way/1498448870"
    },
    {
      "type": "Feature",
      "properties": {
        "@id": "way/1498448871",
        "highway": "unclassified",
        "type": "Unclassified"
      },
      "geometry": {
        "type": "LineString",
        "coordinates": [
          [
            5.5836267,
            7.1638048
          ],
          [
            5.5835792,
            7.1638765
          ]
        ]
      },
      "id": "way/1498448871"
    },
    {
      "type": "Feature",
      "properties": {
        "@id": "way/1498448872",
        "highway": "unclassified",
        "type": "Unclassified"
      },
      "geometry": {
        "type": "LineString",
        "coordinates": [
          [
            5.5823263,
            7.1675853
          ],
          [
            5.5824151,
            7.1671862
          ]
        ]
      },
      "id": "way/1498448872"
    },
    {
      "type": "Feature",
      "properties": {
        "@id": "way/1498448873",
        "highway": "unclassified",
        "type": "Unclassified"
      },
      "geometry": {
        "type": "LineString",
        "coordinates": [
          [
            5.5826143,
            7.1672617
          ],
          [
            5.5826177,
            7.1672416
          ]
        ]
      },
      "id": "way/1498448873"
    },
    {
      "type": "Feature",
      "properties": {
        "@id": "way/1498448874",
        "highway": "unclassified",
        "type": "Unclassified"
      },
      "geometry": {
        "type": "LineString",
        "coordinates": [
          [
            5.5824151,
            7.1671862
          ],
          [
            5.5824885,
            7.1668739
          ]
        ]
      },
      "id": "way/1498448874"
    },
    {
      "type": "Feature",
      "properties": {
        "@id": "way/1498448875",
        "highway": "unclassified",
        "type": "Unclassified"
      },
      "geometry": {
        "type": "LineString",
        "coordinates": [
          [
            5.5833852,
            7.1650354
          ],
          [
            5.5834173,
            7.1649166
          ]
        ]
      },
      "id": "way/1498448875"
    },
    {
      "type": "Feature",
      "properties": {
        "@id": "way/1498448876",
        "highway": "unclassified",
        "type": "Unclassified"
      },
      "geometry": {
        "type": "LineString",
        "coordinates": [
          [
            5.5834786,
            7.1653449
          ],
          [
            5.5835351,
            7.1653494
          ],
          [
            5.5836805,
            7.1653551
          ],
          [
            5.5837066,
            7.1652949
          ]
        ]
      },
      "id": "way/1498448876"
    },
    {
      "type": "Feature",
      "properties": {
        "@id": "way/1498448877",
        "highway": "unclassified",
        "type": "Unclassified"
      },
      "geometry": {
        "type": "LineString",
        "coordinates": [
          [
            5.5846146,
            7.1650282
          ],
          [
            5.5846778,
            7.1649131
          ]
        ]
      },
      "id": "way/1498448877"
    },
    {
      "type": "Feature",
      "properties": {
        "@id": "way/1498448878",
        "highway": "unclassified",
        "type": "Unclassified"
      },
      "geometry": {
        "type": "LineString",
        "coordinates": [
          [
            5.5837281,
            7.1639882
          ],
          [
            5.5839035,
            7.1636927
          ],
          [
            5.5839349,
            7.1636399
          ]
        ]
      },
      "id": "way/1498448878"
    },
    {
      "type": "Feature",
      "properties": {
        "@id": "way/1498448879",
        "highway": "unclassified",
        "type": "Unclassified"
      },
      "geometry": {
        "type": "LineString",
        "coordinates": [
          [
            5.5839035,
            7.1636927
          ],
          [
            5.584121,
            7.163807
          ],
          [
            5.5841549,
            7.1637484
          ]
        ]
      },
      "id": "way/1498448879"
    },
    {
      "type": "Feature",
      "properties": {
        "@id": "way/1498448880",
        "highway": "unclassified",
        "type": "Unclassified"
      },
      "geometry": {
        "type": "LineString",
        "coordinates": [
          [
            5.5830926,
            7.1637071
          ],
          [
            5.5830417,
            7.1638137
          ]
        ]
      },
      "id": "way/1498448880"
    },
    {
      "type": "Feature",
      "properties": {
        "@id": "way/1498448881",
        "highway": "unclassified",
        "type": "Unclassified"
      },
      "geometry": {
        "type": "LineString",
        "coordinates": [
          [
            5.582637,
            7.1646968
          ],
          [
            5.5826691,
            7.1646165
          ]
        ]
      },
      "id": "way/1498448881"
    },
    {
      "type": "Feature",
      "properties": {
        "@id": "way/1498448882",
        "highway": "unclassified",
        "type": "Unclassified"
      },
      "geometry": {
        "type": "LineString",
        "coordinates": [
          [
            5.5846275,
            7.1671448
          ],
          [
            5.5849135,
            7.1671704
          ],
          [
            5.5849086,
            7.1672143
          ]
        ]
      },
      "id": "way/1498448882"
    },
    {
      "type": "Feature",
      "properties": {
        "@id": "way/1498448883",
        "highway": "unclassified",
        "type": "Unclassified"
      },
      "geometry": {
        "type": "LineString",
        "coordinates": [
          [
            5.5849872,
            7.1677357
          ],
          [
            5.5850018,
            7.1676349
          ],
          [
            5.5849835,
            7.1676325
          ]
        ]
      },
      "id": "way/1498448883"
    },
    {
      "type": "Feature",
      "properties": {
        "@id": "way/1498448884",
        "highway": "unclassified",
        "type": "Unclassified"
      },
      "geometry": {
        "type": "LineString",
        "coordinates": [
          [
            5.5850018,
            7.1676349
          ],
          [
            5.585207,
            7.1676599
          ],
          [
            5.5852476,
            7.1676648
          ]
        ]
      },
      "id": "way/1498448884"
    },
    {
      "type": "Feature",
      "properties": {
        "@id": "way/1498448885",
        "highway": "unclassified",
        "type": "Unclassified"
      },
      "geometry": {
        "type": "LineString",
        "coordinates": [
          [
            5.5851915,
            7.1677623
          ],
          [
            5.585207,
            7.1676599
          ]
        ]
      },
      "id": "way/1498448885"
    },
    {
      "type": "Feature",
      "properties": {
        "@id": "way/1498448886",
        "highway": "unclassified",
        "type": "Unclassified"
      },
      "geometry": {
        "type": "LineString",
        "coordinates": [
          [
            5.5849872,
            7.1677357
          ],
          [
            5.584977,
            7.1678207
          ]
        ]
      },
      "id": "way/1498448886"
    },
    {
      "type": "Feature",
      "properties": {
        "@id": "way/1498448887",
        "highway": "unclassified",
        "type": "Unclassified"
      },
      "geometry": {
        "type": "LineString",
        "coordinates": [
          [
            5.5851732,
            7.1678776
          ],
          [
            5.5852257,
            7.1678837
          ]
        ]
      },
      "id": "way/1498448887"
    },
    {
      "type": "Feature",
      "properties": {
        "@id": "way/1498448888",
        "highway": "unclassified",
        "type": "Unclassified"
      },
      "geometry": {
        "type": "LineString",
        "coordinates": [
          [
            5.5852674,
            7.1680644
          ],
          [
            5.5852626,
            7.168095
          ]
        ]
      },
      "id": "way/1498448888"
    },
    {
      "type": "Feature",
      "properties": {
        "@id": "way/1498448889",
        "highway": "unclassified",
        "type": "Unclassified"
      },
      "geometry": {
        "type": "LineString",
        "coordinates": [
          [
            5.5854805,
            7.1680998
          ],
          [
            5.5855165,
            7.16781
          ]
        ]
      },
      "id": "way/1498448889"
    },
    {
      "type": "Feature",
      "properties": {
        "@id": "way/1502860972",
        "highway": "unclassified",
        "type": "Unclassified"
      },
      "geometry": {
        "type": "LineString",
        "coordinates": [
          [
            5.583623,
            7.1655693
          ],
          [
            5.5837025,
            7.1654961
          ],
          [
            5.5840589,
            7.1647601
          ]
        ]
      },
      "id": "way/1502860972"
    },
    {
      "type": "Feature",
      "properties": {
        "@id": "way/1502860973",
        "highway": "unclassified",
        "type": "Unclassified"
      },
      "geometry": {
        "type": "LineString",
        "coordinates": [
          [
            5.5836915,
            7.166162
          ],
          [
            5.5839925,
            7.1659717
          ],
          [
            5.5843205,
            7.1657644
          ],
          [
            5.5845612,
            7.1653202
          ]
        ]
      },
      "id": "way/1502860973"
    },
    {
      "type": "Feature",
      "properties": {
        "@id": "way/1502860974",
        "highway": "unclassified",
        "type": "Unclassified"
      },
      "geometry": {
        "type": "LineString",
        "coordinates": [
          [
            5.5866022,
            7.1677786
          ],
          [
            5.5866049,
            7.1677609
          ]
        ]
      },
      "id": "way/1502860974"
    },
    {
      "type": "Feature",
      "properties": {
        "@id": "way/1502860975",
        "highway": "unclassified",
        "type": "Unclassified"
      },
      "geometry": {
        "type": "LineString",
        "coordinates": [
          [
            5.5866049,
            7.1677609
          ],
          [
            5.5865828,
            7.1677586
          ],
          [
            5.5866011,
            7.1674577
          ],
          [
            5.5865806,
            7.1674527
          ]
        ]
      },
      "id": "way/1502860975"
    },
    {
      "type": "Feature",
      "properties": {
        "@id": "way/1502860976",
        "highway": "unclassified",
        "type": "Unclassified"
      },
      "geometry": {
        "type": "LineString",
        "coordinates": [
          [
            5.5838286,
            7.1657634
          ],
          [
            5.5835856,
            7.1659436
          ]
        ]
      },
      "id": "way/1502860976"
    },
    {
      "type": "Feature",
      "properties": {
        "@id": "way/1502860977",
        "highway": "unclassified",
        "type": "Unclassified"
      },
      "geometry": {
        "type": "LineString",
        "coordinates": [
          [
            5.5838286,
            7.1657634
          ],
          [
            5.5839925,
            7.1659717
          ]
        ]
      },
      "id": "way/1502860977"
    }
  ]
}